,newsId,title,summary,link
0,6351586,神山漲到被盯上！台積電罕見入列注意股 今年來已噴漲近27%,台股馬年開市氣勢如虹，今 (24) 日連續第四個交易日改寫歷史新高，終場漲近千點，收在 34700 點。護國神山台積電 (2330-TW) 無疑是推升指數的最大功臣，然而，因短線漲幅過大，今天罕見遭到證交所列入「注意股」，共計,https://m.cnyes.com/news/id/6351586
1,6351542,供應鏈版圖生變？分析師：Meta大單替超微AI布局重大背書,超微 (AMD-US) 與 Meta Platforms(META-US) 簽署為期五年、規模上看 600 億美元的人工智慧 (AI) 晶片供應協議後，華爾街分析師普遍認為，此舉不僅鞏固超微在 AI 硬體市場的地位，也顯示大型科技公司正加速,https://m.cnyes.com/news/id/6351542
2,6351315,〈美股早盤〉AI疑慮壓抑盤勢 主要指數變動不大,美股主要指數周二 (24 日) 開盤變動不大，延續前一交易日重挫後的震盪走勢。投資人評估 Anthropic 推出多項企業級人工智慧 (AI) 新工具的影響，市場對 AI 顛覆傳統軟體與專業服務業務模式的疑慮未散，標普 500 指數盤初持平，,https://m.cnyes.com/news/id/6351315
3,6351477,美國擬用五角大廈AI制定礦物參考價 劍指中國低價影響,《路透》周二 (24 日) 援引三名知情人士消息報導指出，川普政府正計畫運用由五角大廈開發的人工智慧 (AI) 金屬定價系統，為關鍵礦物建立「參考價格」，並搭配可調整關稅機制，打造一個涵蓋逾 50 國的全球金屬貿易區塊。此舉凸顯華府試,https://m.cnyes.com/news/id/6351477
4,6351454,〈玉山金法說〉金控2.0元年！銀行劍指兆元級數位支付版圖 人壽拚2年內轉骨見效,玉山金控 (2884-TW) 今(24)日於法說會宣示 2026 年定調為「玉山金控 2.0 元年」，將全面啟動銀行、證券、投信及人壽四大引擎的跨售綜效，預計今年第三季完成併購三商美邦人壽，並將更名為「玉山人壽」,https://m.cnyes.com/news/id/6351454
5,6351463,Fed古爾斯比：通膨未回2% 降息不宜操之過急,綜合外媒報導，芝加哥聯準銀行總裁古爾斯比 (Austan Goolsbee) 表示，在通膨確定重返 2% 目標前，過早大幅降息並不審慎。他強調，目前約 3% 的通膨水準「還不夠好」，聯準會 (Fed) 不應重蹈過去誤判「暫時性通膨」的覆,https://m.cnyes.com/news/id/6351463
6,6351450,比特幣月線恐創三年多最大跌幅 測試6萬美元防線,比特幣周二 (24 日) 跌勢延續，單月跌幅逼近 2022 年 6 月以來最慘表現，市場風險情緒升溫之際，加密資產再度承壓。,https://m.cnyes.com/news/id/6351450
7,6351316,中國遊客重返泰國 再成第一大客源 占春節入境人數近四分之一,根據最新數據顯示，泰國觀光業迎來重要轉折，中國遊客已重新成為泰國最大的外國遊客來源。,https://m.cnyes.com/news/id/6351316
8,6351385,超微拿下Meta五年600億美元晶片大單 盤前股價漲逾10%,超微 (AMD-US) 周二 (24 日) 宣布，已與臉書母公司 Meta Platforms(META-US)達成為期五年的人工智慧 (AI) 晶片供應協議，總金額上看 600 億美元，Meta 並可在合作期間取得最多相當於超微約 10% 的持,https://m.cnyes.com/news/id/6351385
9,6351382,年後轉職潮必看！勞部提醒雇主：拒發服務證明 小心吃30萬元罰單,農曆年後轉職潮正式引爆，許多勞工正準備邁向職涯新篇章。勞動部特別提醒，服務證明書是勞工求職與證明資歷的重要文件，依法雇主不得以任何理由拒絕發給。若雇主違反規定，將面臨新台幣 2 萬元以上 30 萬元以下的罰鍰，且可按次處罰。勞動,https://m.cnyes.com/news/id/6351382
10,6351383,欣興去年Q4獲利超越前三季總和 全年EPS達4.38元,PCB 及 IC 載板廠欣興 (3037-TW) 在去年的獲利大幅飛躍，單季稅後純益 35.35 億元，超越前三季的獲利總和，季增 61.12%，年增 62.13 倍，單季每股純益達 2.32 元，全年每股純益並達到 4.38 元。,https://m.cnyes.com/news/id/6351383
11,6351384,豐興馬年首次開盤 廢鋼每公噸漲200元,豐興馬年首次開盤 廢鋼每公噸漲 200 元,https://m.cnyes.com/news/id/6351384
12,6351381,00735獨吃韓、台記憶體股漲升行情 近一年報酬衝破90%奪冠,台股馬年開局氣勢如虹，台積電直逼 2000 元新天價，帶動科技半導體族群成為市場焦點。然而，除了台股表現亮眼,https://m.cnyes.com/news/id/6351381
13,6351295,「大賣空」貝瑞警告：輝達恐重演1920年代無線電股崩盤慘劇,曾精準預測美國房地產泡沫的《大賣空》原型人物貝瑞 (Michael Burry) 近日再度對市場發出強烈警告。他指出，當前由輝達 (NVDA-US) 引領的 AI 熱潮，其發展路徑可能與 1920 年代的「無線電狂熱」極為相似，並最終,https://m.cnyes.com/news/id/6351295
14,6351366,收購破局後轉合作 英特爾加碼投資SambaNova,英特爾 (INTC-US) 在收購談判破局後，轉而與人工智慧 (AI) 晶片新創 SambaNova Systems 建立策略合作關係，並參與其最新一輪 3.5 億美元募資。此舉被視為英特爾強化 AI 布局、挑戰輝達 (NVDA-US) 主導地,https://m.cnyes.com/news/id/6351366
15,6351364,鈺齊-KY去年EPS達6.05元 全年合計配發每股5.1元股息,鈺齊 - KY 今日董事會決議，對 2025 年下半年股利每股配發現金 3.1 元，以 2025 年下半年營收 83.95 億元，稅後純益 6.61 億元，每股稅後純益 3.29 元推算，2025 年下半年的配息率高達 94.2%。,https://m.cnyes.com/news/id/6351364
16,6351349,融程電去年EPS 7.39元創高 每股擬配息5.1元、配股0.5元,融程電去年 EPS7.39 元創高 每股擬配息 5.1 元、配股 0.5 元,https://m.cnyes.com/news/id/6351349
17,6350765,推翻AI拉動增長敘事 高盛：去年AI對美國GDP貢獻幾乎為零,Meta(META-US)、亞馬遜 (AMZN-US)、Google(GOOGL-US) 與 OpenAI 等科技巨頭，近兩年瘋狂燒錢部署 AI，將其視為拉動美國經濟增長的關鍵引擎，預計今年總投資規模達 7000 億美元。然而，高,https://m.cnyes.com/news/id/6350765
18,6351312,華科事業群旗下嘉聯益去年虧損擴大 每股虧4.38元不配股利,華科事業群旗下軟板廠嘉聯益 (6153-TW) 今 (24) 公布最新損益資訊，嘉聯益 2025 年全年營收萎縮到 54.11 億元，稅後虧損金額 27.65 億元，虧損金額較 2024 年的 26.03 億元擴大，每股虧損 4.38 元。,https://m.cnyes.com/news/id/6351312
19,6351305,瑞鼎去年獲利衰退、EPS 18.24元 每股擬配14.6元現金股利,驅動 IC 廠瑞鼎 (3592-TW) 今 (24) 日公告 2025 年財報及盈餘分派，去年稅後淨利 13.8 億元，年減 34.1%，每股盈餘 18.24 元，每股擬配發 14.6 元現金股利，依今日收盤價 233.5 元推算，殖利率達 6.25%。展,https://m.cnyes.com/news/id/6351305
20,6351306,台股放馬狂奔3萬5 外資買超627億元史上第四大 5天狂買逾2千億元,台股今 (24) 日上漲 927.56 點，創歷史第二大漲點，登上 34700.82 點收盤新高，外資大買 627.34 億元為歷史第四大、連 5 買共 2039 億元。外資今日買超聯電 6.47 萬張最多，也買超面板三,https://m.cnyes.com/news/id/6351306
21,6351317,Mac mini也要「美國製造」？蘋果德州開產線,蘋果 (AAPL-US) 周二 (24 日) 宣布，將於今年稍晚在美國德州休士頓開始組裝 Mac mini 桌上型電腦，進一步擴大在美國的製造布局。此舉被視為配合美國總統川普推動本土投資政策的一環。,https://m.cnyes.com/news/id/6351317
22,6351303,亞智科技攜手XTPL 開發半導體超精細點膠設備,半導體面板級封裝設備廠 Manz 亞智科技今 (24) 日宣布與 XTPL 建立策略合作夥伴關係。雙方預計攜手將半導體超精細點膠技術應用於先進封裝領域，為客戶提供從研發到量產設備導入的完整技術解決方案。此次合作不僅擴展了 M,https://m.cnyes.com/news/id/6351303
23,6349467,合庫銀去年獲利首破200億創史高！經理會議揭5大策略 將鎖定AI商機與海外布局,合庫銀行於今（24）日召開 115 年度經理會議，由董事長林衍茂與總經理王淑芳主持，會中提出重塑放款結構、拓展外匯營運、深耕數位金融等五大策略。面對 AI 浪潮，合庫銀將掌握產業投資契機，並持續擴張海外版圖，除日本東京分,https://m.cnyes.com/news/id/6349467
24,6351296,融資租賃納管第二彈！金融機構轉投資13家 3/15起適用金保法,金管會繼首波納管中租、裕融、和潤及日盛台駿等 4 大上市集團旗下 13 家融資租賃業者後，今 (24) 日再宣布將納管 13 家由金融機構轉投資的融資租賃業者,https://m.cnyes.com/news/id/6351296
25,6351299,聚恆斥千萬元搶儲能電池健檢商機 導入頂規450kW充放電設備,再生能源廠聚恆科技 (4582-TW) 今 (24) 日宣布，於台南永康總部正式啟用頂規 450kW 充放電設備，率先推出「客製化電池健檢」服務，協助企業科學驗證電池效能，並透過定期保養維持健康度，有效延長設備壽命以省下長期維運成本,https://m.cnyes.com/news/id/6351299
26,6351304,高市早苗憂升息引發市場震盪 日元兌美元急殺至兩周低點,日本匯市周二 (24 日) 出現劇烈波動，因傳出日本首相高市早苗對進一步升息表達擔憂，引發投資者對日本央行獨立性的疑慮。日元兌美元匯率應聲下跌，一度重挫 1.1% 至 156.28，在 G10 貨幣中表現墊底，創下近兩周以來的,https://m.cnyes.com/news/id/6351304
27,6350946,超級IPO來襲！SpaceX重塑2026年上市版圖 擬上市中小企業被迫調整IPO時間,,https://m.cnyes.com/news/id/6350946
28,6351298,川普10%全球關稅先上路！白宮：「稍後」將提高至15%,美國總統川普宣布對未豁免進口商品加徵 10% 全球關稅，取代遭最高法院推翻的舊關稅制度。儘管川普曾表示可能提高至 15%，白宮尚未明確說明調整時程。新政策引發市場不安，歐股走低，各國包括日本、歐盟與中國紛紛回應，美中貿易局勢再,https://m.cnyes.com/news/id/6351298
29,6351234,巨有科技去年EPS 2.06元 今年營運成長動能續強,巨有科技 (8227-TW) 今 (24) 日公布去年第四季財報，受惠於高階製程 NRE 專案數量持續增加，單季稅後淨利 0.26 億元，單季每股稅後盈餘 0.66 元，全年達 2.06 元，展望後市，公司看好，去年承接逾百件的高階製程,https://m.cnyes.com/news/id/6351234
30,6351170,藍寶堅尼戰略大轉向 取消首款純電超跑開發 CEO：市場接受度「接近於零」,義大利頂級超跑品牌藍寶堅尼 (Lamborghini) 宣布，將正式終止其首款純電動奢華車型「Lanzador」的開發計畫。這款原定於 2028 年問世、採 SUV 跨界設計的純電超跑，曾被視為品牌邁向全電動化的里程碑，但如,https://m.cnyes.com/news/id/6351170
31,6351171,〈台幣〉股匯兩樣情 匯市拉鋸戰爆巨量微升收31.461元,台股今 (24) 日飆漲逾 900 點，站上 34700 點關卡，新台幣兌美元則走勢震盪，雖然外資偏向匯入，但壽險公司陸續進場買美元，匯價一度翻貶，終場以近乎平盤、小升 0.1 分，收在 31.461 元,https://m.cnyes.com/news/id/6351171
32,6351233,欣興新竹湖口廠以15.4億元售予IC封測廠矽格,IC 封測產業對產能的擴張需求，包括日月光 (3711-TW) 旗下的矽品等都在積極擴充，而欣興 (3037-TW) 今 (24) 日則對矽格 (6257-TW) 售出新竹湖口工業區廠房等資產，交易價格爲 15.4 億元。,https://m.cnyes.com/news/id/6351233
33,6351189,基米通過股票創新板上市 今年拚獲利,基米 (4195-TW) 今 (24) 日獲證交所董事會通過創新板上市案，將依時程辦理創新板掛牌上市。基米指出，今年隨著新客戶、新服務的加入，加上海外市場貢獻度提升，樂觀看待全年營運表現，力拚今年重返獲利。 ,https://m.cnyes.com/news/id/6351189
34,6351231,台股衝破34000史上第二漲點　專家示警「2情況」恐急殺洗盤　　,,https://m.cnyes.com/news/id/6351231
35,6351168,華南金控總座搬風 由兆豐金前總座蕭玉美接任 引領獲利再攀高峰,華南金控 (2880-TW) 於今 (24) 日舉行總經理交接典禮，由董事長陳芬蘭擔任監交人，宣布新任總經理由具備豐富國際金融與票券資歷的蕭玉美接任 。,https://m.cnyes.com/news/id/6351168
36,6351172,台灣大參與MWC 將與諾基亞簽署「AI行動網路與新ESG合作備忘錄」,台灣大 (3045-TW) 將於 3 月 2 日參與 2026 世界行動通訊大會 (MWC)，將與諾基亞簽署「AI 行動網路與新 ESG 合作備忘錄」，並與愛立信及低軌衛星技術、資安解決方案等國際大廠交流，持續深化國際合作布局。 ,https://m.cnyes.com/news/id/6351172
37,6351174,【量大強漲股整理】台股報復性反彈，個股噴發表現，誰最有潛力？,,https://m.cnyes.com/news/id/6351174
38,6348961,狂飆1100點！多重因素強勢助攻 離岸人民幣兌美元升破6.88,,https://m.cnyes.com/news/id/6348961
39,6351094,分割後吸金力爆棚！「小台積」0052規模、人氣狂飆 正式躋身千億俱樂部,有「小台積」之稱的富邦科技 ETF(0052-TW)，於 2025 年 11 月 26 日完成分割並重新上市後，隨著投資門檻明顯降低、價格更趨親民，成功吸引資金與投資人回流。在台股同步創下歷史新高的帶動下，0052 規模迅速放大,https://m.cnyes.com/news/id/6351094
40,6350943,〈玉山金法說〉估美下半年降息2-3碼 慎防Fed換帥重演「葛林斯潘熊市教訓」,玉山金控 (2884-TW) 今 (24) 日舉行法人說明會，2025 年相繼完成投信與人壽兩大併購案，正式揭示 2026 年為「玉山金控 2.0 元年」，針對國內外總經與風險控管布局，董事長黃男州與總經理陳茂欽釋出詳盡分析,https://m.cnyes.com/news/id/6350943
41,6350957,華碩前進GTC 亮相輝達rubin NVL72液冷解決方案 助攻國網中心打造AI超級電腦,隨著 AI 等高效能運算工作負載激增，運算密度、功耗需求逐漸超出傳統氣冷所能應付的極限，華碩 (2357-TW) 憑藉深厚的硬體研發底蘊，插旗次世代散熱版圖，推出全方位液冷解決方案，將為新一代 NVIDIA Vera Rubin,https://m.cnyes.com/news/id/6350957
42,6351086,經營權開打 中工提告控三家委託通路業者涉違反證券交易法,由寶佳集團在市場收購中工 (2515-TW) 股權已達 16.6%，有意進行企業併購，針對近期中工股權變動、股價劇烈波動等，中工今 (24) 日發表聲明，並委託律師遞狀按鈴提告長龍、聯洲、全通等三家委託通路業者，涉嫌違反證交法。,https://m.cnyes.com/news/id/6351086
43,6351087,4大題材還有很多可以暴賺、台積電、華通⊕、華邦電、松川精⊕,,https://m.cnyes.com/news/id/6351087
44,6350651,重新定義AI投資地圖：從軟體霸權到硬體護城河 台灣、南韓股市如何在「AI恐懼交易」中脫穎而出？  ,,https://m.cnyes.com/news/id/6350651
45,6350664,矽谷不能再裝睡！紐時警告：一旦台灣晶片斷供 美經濟會瞬間斷氣,,https://m.cnyes.com/news/id/6350664
46,6350956,揮別單一IT產業、轉向多元配置！瑞銀：AI機會外溢傳產 亞股擁完整AI生態系最吸睛,瑞銀財富管理投資總監辦公室亞洲資產配置主管胡俊禮指出，過去全球股市敘事集中於人工智慧與大型科技股，以 MSCI 台灣指數為例，參與台股等同高度聚焦 IT 產業，但如今 AI 機會已外溢至傳統產業，如銀行、醫療及公用事業等產業正經歷結,https://m.cnyes.com/news/id/6350956
47,6350663,南非幣蘭特漲勢面臨轉折？看跌情緒升至3年高點,南非蘭特在經歷過去 1 年約 15% 的強勁漲勢後，目前正面臨市場的嚴峻審視。交易數據顯示，蘭特的看跌選擇權押注已攀升至近 3 年來最高，顯示交易員開始質疑這波強勁的漲幅是否已到盡頭，並正準備迎接可能的市場回調。,https://m.cnyes.com/news/id/6350663
48,6350955,中鋼新春開泰祈福 董座：「穩定獲利」是今年最重要的目標,中鋼新春開泰祈福 董座：「穩定獲利」是今年最重要的目標,https://m.cnyes.com/news/id/6350955
49,6349941,美光等記憶體股強勢飆 市場開始盯擴產後座力,分析人士提醒，記憶體產業向來具高度循環性，當前榮景背後已開始浮現中長期風險訊號。,https://m.cnyes.com/news/id/6349941
50,6350944,美時旗下Alvogen取得Solaxa小腦萎縮症新藥授權 總金額達9500萬美元,美時宣布旗下 Alvogen 與專注罕見神經疾病的生技公益公司 Solaxa，達成 SLX-100 的全球授權協議，共同推動 SLX-100 用於 27B 型小腦萎縮症在全球市場的開發與商業化，交易總金額達 9500 萬美元。,https://m.cnyes.com/news/id/6350944
51,6350323,傳輝達N1X晶片今年第二季登場 聯想、戴爾等筆電大廠將首發,,https://m.cnyes.com/news/id/6350323
52,6350861,〈港股盤後〉恒指走弱跌1.8%  科指挫2.1% 智譜逆勢飆升,港股市場周二 (24 日) 低開低走態勢，主要指數集體收跌。截至收盤，恒生指數跌 1.82%，報 26590.32 點，恒生科技指數收跌 2.13%，報 5270.7 點，國企指數下跌 2.06%。大市全日成交金額顯著增加，達到 2509.9,https://m.cnyes.com/news/id/6350861
53,6350631,〈玉山金法說〉現金股利挑戰1.4元 黃男州秀400億元可分配盈餘的底氣,玉山金控 (2884-TW) 2025 年稅後純益衝上 342.9 億元歷史新高，年增 31%，展現強勁成長動能，EPS 2.12 元。談及投資人最關心的股利政策，董事長黃男州於今 (24) 日法說會釋出三原則，強調「獲利提,https://m.cnyes.com/news/id/6350631
54,6350752,輝達再戰PC市場 這次要當消費級電腦的大腦,,https://m.cnyes.com/news/id/6350752
55,6349580,〈陸股盤後〉中國LPR連續第九個月按兵不動 A股馬年開門紅,中國 A 股三大指數周二（24 日）收盤同步走高，中國 2 月貸款市場報價利率（LPR）周二出爐，1 年期和 5 年期以上 LPR 均未調整。,https://m.cnyes.com/news/id/6349580
56,6350771,〈南茂法說〉Q1記憶體封測再漲價 董座：新產能已簽三年保障合約,封測大廠南茂 (8150-TW) 今 (24) 日舉行法說會，董事長鄭世杰表示，今年整體營運動能相對穩健，全年展望優於 2025 年，尤其看好記憶體領域，第一季已再度調漲記憶體封測報價，並增加相關資本支出，強調新增加的資本支出都已與,https://m.cnyes.com/news/id/6350771
57,6350753,美新關稅政策引發疑慮 日本呼籲確保貿易條件不低於去年協議,面對美國近期關稅政策的劇烈變動，日本經濟產業大臣赤澤亮正周一 (23 日) 晚間與美國商務部長盧特尼克 (Howard Lutnick) 進行了約 40 分鐘的電話會談。赤澤在通話中明確要求美方，應確保新的關稅措施不會讓日本處於比,https://m.cnyes.com/news/id/6350753
58,6350441,人類智慧溢價正在消失？7000字假想報告引發美股巨震 Citrini報告揭開AI黑暗真相,,https://m.cnyes.com/news/id/6350441
59,6350780,慧康生技攜手韓國血糖監測iSens及韓獨製藥 深化亞太數位醫療布局,慧康生技今日宣布，「智抗糖 App」與雲端照護平台已完成與韓國當地兩大 CGM 廠商 iSens 旗下的 CareSens Air 韓獨製藥自有品牌 Barozen Fit 的數據串接，深化亞太數位醫療布局。,https://m.cnyes.com/news/id/6350780
60,6350769,〈南茂法說〉去年Q4獲利翻倍 EPS 0.72元創9季新高,封測大廠南茂 (8150-TW) 今 (24) 日召開法說會，並公布去年第四季財報，受惠記憶體需求大幅升溫，單季稅後純益回升至 5 億元，季增 41.9%，年增 115.2%，每股稅後純益 0.72 元，創下 9 季來新高，同時董事會決議以資本,https://m.cnyes.com/news/id/6350769
61,6350772,資金連兩日回補 光通訊與台積電概念股成多頭主軸: 聯鈞、萬潤、世芯-KY,,https://m.cnyes.com/news/id/6350772
62,6350665,巴拿馬強行接管李嘉誠旗下兩大港口 香港政府與長和嚴正抗議,香港長江和記實業 (長和)(00001-HK) 周二 (24 日) 公告，指巴拿馬政府於當地時間 2 月 23 日採取極端行動，強行進入並接管其附屬公司「巴拿馬港口公司」所營運的兩大貨櫃碼頭。此舉引發香港特區政府及中國外交部的強烈不滿與嚴,https://m.cnyes.com/news/id/6350665
63,6350646,竑騰打入輝達擁兩動能 今年營收估大增6成創新高,隨著 AI 晶片功耗持續拉高，市場對高效散熱方案需求快速升溫，輝達 (NVDA-US) 新一代 GPU Rubin 平台即改採銦片，以強化散熱表現，同時也積極找尋先進封裝新技術如 CoWoP，相關設備皆傳出採用竑騰 (7751-TW,https://m.cnyes.com/news/id/6350646
64,6350644,川普還有那些辦法可以跳過國會 繼續課徵關稅？,美國最高法院上周五的裁定，引發了川普的憤怒，並為美國的關稅課徵帶來更高的不確定性。,https://m.cnyes.com/news/id/6350644
65,6350389,不再只賣GPU！輝達CPU獲Meta大單 英特爾、AMD腹背受敵,,https://m.cnyes.com/news/id/6350389
66,6350666,〈房產〉2025全台預售屋寫下5年低量年減68%  雙北人氣明顯優於中南部,房仲業者統計近 5 年全台預售揭露狀況，這波預售景氣最高峰落在 2024 年，總共揭露了 13 萬件，不過 2025 年大幅萎縮至 4.2 萬件，年減幅達 68%，也是預售即時揭露以來的新低量，若以區域表現來看，雙北相對還能維持人氣。,https://m.cnyes.com/news/id/6350666
67,6350667,當「省錢」成為習慣，資產卻停滯？多數人忽略的效率陷阱,,https://m.cnyes.com/news/id/6350667
68,6350302,輝達財報前的「假性復甦」？股價漲了 投資人的焦慮為何還沒消散,,https://m.cnyes.com/news/id/6350302
69,6350611,美國10%全球關稅今午生效  川普蓋的「貿易牆」能撐多久？,,https://m.cnyes.com/news/id/6350611
70,6350652,內資翻多、外資加碼627.34億 三大法人聯手買超836.86億元,,https://m.cnyes.com/news/id/6350652
71,6350558,機構報告：中國如何透過自動化重塑全球製造業格局,CSIS 的 chinaPower 團隊最近發表了一篇關於中國機器人產業的研究，從汽車行業的「黑暗工廠」開篇，探討中國目前在機器人產業的概況。,https://m.cnyes.com/news/id/6350558
72,6350630,〈房產〉全台2025十大逆勢交易成長生活圈 新北蛋黃區拿下半數席次,根據市調機構統計，全台共有 10 大生活圈 2025 年交易量呈現成長。值得關注的是，上榜區域全數位於蛋黃區，其中並由新北市更奪下半數以上席次，也顯示市中心地段的抗壓性最為顯著。,https://m.cnyes.com/news/id/6350630
73,6350601,〈台股盤後〉兩大權王雙駕馬車狂奔 創927點第2大漲點收34700點新高,〈台股盤後〉台積電、台達電創高領軍 大漲 927 點創歷史第二大 登 34700 點收盤新高,https://m.cnyes.com/news/id/6350601
74,6350036,印尼大讓步開放礦產石油 對美零關稅換貿易新局,,https://m.cnyes.com/news/id/6350036
75,6350560,來自2028年6月的假想報告：標普500從高點重挫38%,根據 Citrini Research 所發布名為「2028 年全球智慧危機」(The 2028 Global Intelligence Crisis) 的總經分析報告，一個令人警醒的金融未來正隱約可見。該報告指出，人工智慧,https://m.cnyes.com/news/id/6350560
76,6350003,最高法院六法官聯手廢掉川普貿易核按鈕 專家：美三權分立制度的終極壓力測試,,https://m.cnyes.com/news/id/6350003
77,6350379,蘋果iPhone 18 Pro傳已小量試產 外觀變化不大,,https://m.cnyes.com/news/id/6350379
78,6350608,樂觀情緒持續升溫，新興股市配置比例攀升至五年新高,,https://m.cnyes.com/news/id/6350608
79,6350599,CPO多檔漲停，先進製程供應鏈接力演出，三大選股方向，你跟上了嗎？,,https://m.cnyes.com/news/id/6350599
80,6350566,川普10%全球關稅稅率 正式生效！,美國聯邦最高法院上周五（20 日）判「對等關稅」違憲後，美國總統川普隨即宣布開徵 10% 全球關稅，這道行政命令在美東時間 24 日凌晨零時 01 分（台灣時間 24 日下午 1 時 01 分）正式生效。,https://m.cnyes.com/news/id/6350566
81,6350559,2026冬奧收入最高運動員 谷愛凌以2300萬美元居首,根據《Forbes》最新發布的排行榜，代表中國出戰的滑雪名將谷愛凌在 2026 年米蘭 - 柯蒂納戴比索冬奧會中，以過去一年高達 2300 萬美元 (約合新台幣 7.4 億元) 的年收入，位居參賽的 2800 名運動員之首。,https://m.cnyes.com/news/id/6350559
82,6350538,蘋果Mac mini部分產線回流美國 德州鴻海廠今年啟動,據《華爾街日報》與外電報導，蘋果計畫將 Mac mini 桌機部分組裝從亞洲移回美國，並由位於德州休士頓的鴻海工廠承接，新生產計畫預計今年稍後啟動。,https://m.cnyes.com/news/id/6350538
83,6350565,"史上第二高！華為2025年銷售收入超過8,800億","華為最新年度收入出爐，華為董事長梁華周二（24 日）在 2026 廣東省高質量發展大會上表示，2025 年華為銷售收入超過 8,800 億元人民幣。",https://m.cnyes.com/news/id/6350565
84,6350030,1992年來最分化！美股風格切換逼近臨界點 科技巨頭遭拋售 輝達能否穩住AI信仰？,,https://m.cnyes.com/news/id/6350030
85,6350541,〈焦點股〉金寶推動轉型ODM廠 獲外資連五日敲進落後補漲逾4%,金寶 (2312-TW) 近日持續獲得外資敲進，自農曆年前即開始買進，連續 5 個交易日買超，合計買超 1.7 萬張，激勵金寶今 (24) 日價量齊揚，站回季線大關。 ,https://m.cnyes.com/news/id/6350541
86,6350527,川普新一輪15%全球關稅的贏家與輸家,美國總統川普在最高法院否決其「全面性」關稅後，迅速改推為期 150 天的全球 15% 關稅，新政策上路再度攪動全球貿易版圖。市場觀察指出，此舉意外重分關稅負擔，形成新的贏家與輸家。,https://m.cnyes.com/news/id/6350527
87,6349939,PayPal因收購傳聞大漲 潛在買家可能是誰？,儘管收購談判仍屬初步階段，但在估值處於低檔、產業競爭加劇之際，PayPal 的策略走向與潛在資本動作，正重新成為華爾街關注焦點。,https://m.cnyes.com/news/id/6349939
88,6350524,〈房產〉中壢、桃園都不是2025年桃園熱門購屋路段 交易焦點在這一區,房仲業者整理聯徵中心 2025 年前三季數據，統計桃園市熱門交易路段，其中第一名超乎大眾想像，並非落在桃園區、中壢區等民眾熟悉的人口密集區，而是「楊梅區金溪路」以 293 件拔得頭籌，平均鑑估值僅 1104 萬元。,https://m.cnyes.com/news/id/6350524
89,6350506,〈房產〉2025年雙北捷運宅交易熱點出爐 這站周邊總價不到700萬元,房仲業者彙整 2025 年雙北市捷運站周邊 800 公尺內中古屋熱門交易捷運站前十名。台北市方面，中山國小站以 288 件交易量奪冠，。新北市部分，景安站全年交易量高達 446 件居冠，而雙北價格最親民的捷運站宅為新北投與淡水站。,https://m.cnyes.com/news/id/6350506
90,6350494,關稅新制加分！國發會估拉升今年經濟成長率0.08個百分點 野村則這麼看,國發會主委葉俊顯今 (24) 日於關稅最新情勢說明會表示，美國援引 IEEPA 第 122 條課徵 15% 關稅，相較去年情境，預估今年台灣經濟成長率可增加 0.08 個百分點，若納入 232 條款最惠國待遇則可增至 0.18 個百分點。野村投信指,https://m.cnyes.com/news/id/6350494
91,6350314,川普臨時關稅今午生效！日本促美信守承諾 待遇不能劣於去年關稅協議,,https://m.cnyes.com/news/id/6350314
92,6350440,FedEx等逾千家美企退款未明 川普又要徵國安關稅  企業主怒轟：朝令夕改 無所適從,,https://m.cnyes.com/news/id/6350440
93,6350472,鴻海旗下鴻騰參展DesignCon 2026 首發CHIPLINK 448G方案,鴻海旗下鴻騰參展 DesignCon 2026 首發 CHIPLINK 448G 方案,https://m.cnyes.com/news/id/6350472
94,6350460,台積電衝上1975元歷史新高貢獻台股近600漲點 市值飆出51.2兆元,台股今 (24) 日盤中飆漲超過 900 點，權王台積電 (2330-TW)(TSM-US) 大漲近 4%，一度衝上 1975 元，再創歷史新高，市值也飆上 51.22 兆元，貢獻大盤指數近 600 點。,https://m.cnyes.com/news/id/6350460
95,6350474,沒有最痛只有更痛！川普將全球關稅升至15% 蘋果恐付6倍進口代價,在最高法院裁定關稅違法後，川普迅速將全球進口關稅從 10% 提高至 15%。蘋果等企業成本壓力擴大，進口負擔恐達原先 6 倍。,https://m.cnyes.com/news/id/6350474
96,6350473,〈焦點股〉華紙跟進調漲紙漿價格 爆量漲停打開,國際紙漿廠 Suzano 宣布調漲 3 月紙漿價格，華紙 (1905-TW) 跟進調漲，3 月短纖紙漿價格每公噸調漲 20 美元，此外其他紙種價格也同步上漲，激勵華紙今 (24) 日價量齊揚，漲逾半根停板，早盤漲停打開。 ,https://m.cnyes.com/news/id/6350473
97,6350242,金融海嘯前兆重現！小摩CEO戴蒙批同業為衝利息收入「正在做蠢事」,,https://m.cnyes.com/news/id/6350242
98,6349946,輝達財報已不再是市場唯一風向球?,《Marketwatch》報導，輝達財報過去幾年往往被視為牽動市場的重要風向球，但分析師最新觀察指出，隨著投資人目光轉向更多人工智慧 (AI) 受惠族群，輝達影響力正出現邊際降溫。不過，市場預期轉變也可能讓輝達股價浮現折價,https://m.cnyes.com/news/id/6349946
99,6350452,比特幣持續下殺 失守6.4萬美元關卡,比特幣週二延續跌勢，在關稅緊張升溫與地緣政治風險擴大的雙重壓力下，跌幅超過 5%，失守 6.4 萬美元關卡。市場風險情緒轉弱，資金自高波動資產撤出，成為主要拖累因素。,https://m.cnyes.com/news/id/6350452
100,6350359,大摩：AI革命給經濟帶來罕見的「再工業化復興」但對人類飯碗構成變革性風險,,https://m.cnyes.com/news/id/6350359
101,6350439,無畏軟體股拋售 Canva逆勢併購迎戰Adobe：AI能做80% 但最後20%才關鍵,在 AI 疑慮重挫軟體股之際，Canva 宣布收購兩家新創強化動畫與影音廣告技術。公司 2025 年年化營收突破 40 億美元，逆勢擴張迎戰 Adobe。,https://m.cnyes.com/news/id/6350439
102,6350450,《價值型投資 最新產業研究報告》國際龍頭主導高階市場，國巨（2327-TW）與華新科（2492-TW）的成長路線,,https://m.cnyes.com/news/id/6350450
103,6349925,輝達料公布強勁財報與財測 分析師看好股價有望突破,分析師表示，輝達 (Nvidia)(NVDA-US) 本周預計將再次交出強勁成長的財報，並發布樂觀財測。AI 基礎設施需求持續升溫、次世代晶片出貨增加，以及資料中心支出動能延續，均為主要支撐因素。,https://m.cnyes.com/news/id/6349925
104,6350431,當市場熱鬧，缺口才最值錢,,https://m.cnyes.com/news/id/6350431
105,6350419,〈焦點股〉松川籌碼穩定Q1營運看旺 爆量鎖漲停站上所有均線,繼電器大廠松川精密在 2025 年 12 月及 2026 年元月營收連續創新高，本季營收將有機會繼上季之後再創新高，加上籌碼穩定，今 (24) 日股價開高走高鎖住 183.5 元漲停價，站上所有均線。,https://m.cnyes.com/news/id/6350419
106,6350396,3檔主動式ETF近3月反彈完勝大盤 統一00988A狂飆34%封王,金馬報喜，台股連二日攻到 34000 點，從去 (2025) 年 11 月 AI 泡沫疑慮的修正低點算起，大盤這波已反彈近 28%，代表美股大盤的 S&amp;P 500 同期也回升 3.56%。這波反彈行情,https://m.cnyes.com/news/id/6350396
107,6349962,川普關稅「B計畫」接力 專家：美方擬發動大規模301調查,,https://m.cnyes.com/news/id/6349962
108,6350377,DeepSeek新模型下週登場 遭爆以走私輝達Blackwell訓練,,https://m.cnyes.com/news/id/6350377
109,6349945,波克夏罕見回頭投資報業 巴菲特這步又對了,《巴隆周刊》週一 (23 日) 報導，波克夏 · 海瑟威再度布局媒體股，最新申報顯示，該公司於去年第四季買進超過 500 萬股《紐約時報公司》(NYT-US)，持股比重約 3.1%,https://m.cnyes.com/news/id/6349945
110,6350382,00923配息1.71元2/25最後買進日 法人看旺AI科技領軍台股行情,金馬年到來，在 AI 科技股領軍下，台股氣勢如虹，再寫新高。財富管理專家表示，台灣景氣穩健向好，加上全球 AI 浪潮持續推進，應用加速落地，台股相關供應鏈可望持續受惠，金馬年表現可期,https://m.cnyes.com/news/id/6350382
111,6349976,FedEx忍到裁決後開第一槍 告政府討回川普關稅,在最高法院裁定 IEEPA 關稅違法後，FedEx 率先提告要求全額退款。隨退款程序未明，企業與政府之間的法律攻防戰正全面升溫。,https://m.cnyes.com/news/id/6349976
112,6349581,中國LPR連續第九個月按兵不動,中國 2 月貸款市場報價利率（LPR）周二（24 日）出爐，1 年期和 5 年期以上 LPR 均未調整。,https://m.cnyes.com/news/id/6349581
113,6350357,〈焦點股〉台新藥與澳洲最大製藥公司簽訂獨家授權協議 激勵股價走揚,台新藥宣布與澳洲最大製藥公司 Arrotex 簽訂獨家授權協議，授予其用於術後眼部手術的消炎和止痛新藥 APP13007 在澳洲及紐西蘭獨家商業化權利，激勵台新藥今 (24) 日走揚攻年線。,https://m.cnyes.com/news/id/6350357
114,6350039,Anthropic估值飆3500億美元 啟動60億美元員工賣股計畫,,https://m.cnyes.com/news/id/6350039
115,6350326,122條款將衝擊部分傳產 龔明鑫：爭取ART與232優惠續行 對產業韌性有信心,針對美國依據 122 條款對全球徵收 15% 關稅並疊加最惠國待遇（MFN）稅率之最新情勢，經濟部長龔明鑫於今（24）日「關稅最新情勢說明記者會中」提出總體經濟與個別產業的衝擊評估報告。他強調相較於去年暫時性關稅高達 20% 疊加 M,https://m.cnyes.com/news/id/6350326
116,6350290,美徵收15%全球關稅疊加MFN 鄭麗君：向美方爭取已簽署ART及投資MOU效力,針對美國近期依據 122 條款啟動 15% 全球關稅計畫，行政院副院長鄭麗君於今（24）日上午九時率領相關部會召開記者會，深入剖析此項貿易變革對台灣產業的衝擊並說明因應作為。她指出，此次 15% 關稅將與既有的最惠國待遇（MFN）稅,https://m.cnyes.com/news/id/6350290
117,6350322,中日關係緊張！中國宣布：將20家日本實體列入出口管制管控名單,中日關係緊張，中國商務部周二（24 日）宣布將 20 家日本實體列入出口管制管控名單，以維護國家安全和利益。,https://m.cnyes.com/news/id/6350322
118,6350319,弱勢美元下的多空對決：歐元、日圓的資產保衛戰,,https://m.cnyes.com/news/id/6350319
119,6349968,1750億美元關稅大餅誰能分？逾千企業申請退稅 美財政部傾向還稅於民,"最高法院推翻川普緊急關稅措施，1,750 億美元退稅爭議浮上檯面。企業與消費者追討聲浪升溫，但退款時程與金額仍充滿變數。",https://m.cnyes.com/news/id/6349968
120,6349921,AI重塑產業 黑天鵝作者示警：軟體業恐現破產潮、股市波動加劇,據《彭博》報導，《黑天鵝效應》作者塔勒布 (Nassim Taleb) 向投資人示警，隨著 AI 驅動的股市漲勢進入更脆弱階段，市場波動將進一步升高，軟體產業部分公司甚至可能出現破產。,https://m.cnyes.com/news/id/6349921
121,6349953,川普警告各國別趁機「耍花招」 否則將面臨更高關稅,,https://m.cnyes.com/news/id/6349953
122,6350037,一篇報告嚇崩華爾街！AI顛覆論引爆血洗 IBM慘跌25年最重、兩大產業最危險,,https://m.cnyes.com/news/id/6350037
123,6349942,川普國情咨文登場前 市場緊盯川普抗通膨表現,美國總統川普即將於週二 (24 日) 晚間發表國情咨文，外界關注他在壓低生活成本所做的承諾與實際成效。高物價曾是推動川普重返白宮的重要因素，但在第二任期已逾一年之際，川普政府正面臨作為不足的批評聲浪。,https://m.cnyes.com/news/id/6349942
124,6350021,企業回本不到百日！花旗前高管警告：AI機器人替代潮降臨 未來幾十年數量超過勞動人口,,https://m.cnyes.com/news/id/6350021
125,6349965,川普IEEPA關稅停徵今午生效 華爾街投資人：貿易實境秀下一季才正要開始,,https://m.cnyes.com/news/id/6349965
126,6349979,中國外長王毅：沒有哪個國家能夠充當「人權教師」,中共中央政治局委員、中國外交部長王毅周一（23 日）在北京以視訊方式出席聯合國人權理事會第 61 屆會議高級別會議，發表題為《推動落實全球治理倡議 改革完善全球人權治理》的講話，提出以下五個要點。,https://m.cnyes.com/news/id/6349979
127,6350183,〈台股開盤〉加足馬力衝上34288點再創高 類股百花齊放飆漲逾500點,儘管美股四大指數昨日全數下挫，台股今 (24) 日開盤由電子權值股領軍，再度北上重返 3 萬 4 千點大關，盤中最高達 34288 點，漲幅高達 515 點，預計今日成交量約 8500 億元，較昨日略為收斂。,https://m.cnyes.com/news/id/6350183
128,6349983,烏克蘭戰爭進入第五年 學者：今年俄烏停火機率40%,烏克蘭戰爭進入第五年，轉入「邊打邊談」階段，最大懸念仍然待解。利益分歧中，各方在談判桌上進入了拉鋸戰，調停一波三折。,https://m.cnyes.com/news/id/6349983
129,6350040,派拉蒙抬價搶親華納兄弟 Netflix若落敗僅4天可回應,,https://m.cnyes.com/news/id/6350040
130,6349984,捲入愛潑斯坦案 英國前駐美大使被捕,英國倫敦警察局周一（23 日）表示，英國前駐美國大使曼德爾森因涉嫌公職人員行為失當而被捕，曼德爾森已被帶往倫敦某警局接受訊問。,https://m.cnyes.com/news/id/6349984
131,6349996,欣興旗下軟板廠同泰電子去年每股虧損3.36元不配股利,欣興旗下軟板廠同泰電子公布最新財報，2025 年全年稅後虧損 1.8 億元，較 2024 年的虧損收歛，每股虧損 3.36 元，不過，這是同泰電子連續 10 年的虧損。今天華科事業群旗下的嘉聯益也將公布 2025 年全年財報。,https://m.cnyes.com/news/id/6349996
132,6349922,Anthropic指控中國AI公司挖取Claude能力 籲管制晶片出口,據《TechCrunch》報導，Anthropic 指控三家中國 AI 公司利用其 Claude AI 模型建立超過 2.4 萬個假帳號，以提升自家模型能力。,https://m.cnyes.com/news/id/6349922
133,6350026,〈國泰金經濟調查〉景氣展望與消費意願雙回升 股市創高後民眾轉趨謹慎,國泰金控 (2882-TW) 今 (24) 日公布 2026 年 2 月國民經濟信心調查結果，民眾景氣展望樂觀指數與消費意願同步回升，風險偏好指數續揚，但股市樂觀情緒下降，顯示在股市大漲後民眾轉趨謹慎。,https://m.cnyes.com/news/id/6350026
134,6349986,大量科技今起遭處置交易至3/10每5分鐘撮合一次,AOI 及 PCB 鑽孔、成型設備廠大量科技 (3167-TW) 遭處置交易，交易所公布，大量科技自今 (24) 日起 10 個交易日至 3 月 10 日，採取分盤交易，每 5 分鐘人工撮合一次。,https://m.cnyes.com/news/id/6349986
135,6349989,烏克蘭戰爭邁向第五年！普丁發表講話,烏克蘭戰爭進入第五年，但雙方在軍事和外交方面都陷入僵局。據《俄新社》報導，俄羅斯總統普丁周一（23 日）在克里姆林宮向被授予「俄羅斯英雄」的軍人頒發國家獎章。,https://m.cnyes.com/news/id/6349989
136,6350002,小企業優先！美民主黨參議員聯合提案要求川普政府180天內全額退還關稅,,https://m.cnyes.com/news/id/6350002
137,6349988,美國官員稱中國一通電話就能結束烏克蘭戰爭 中國外交部回應！,在烏克蘭戰爭進入第五年之際，美國官員稱中國一通電話就能結束這場戰爭，中國外交部周一（23 日）對此表示，所謂「全面助長戰爭」的說法完全是無端指責。,https://m.cnyes.com/news/id/6349988
138,6349985,勿前往！美國國務院發布黎巴嫩最高級別旅行警告,美國國務院周一（23 日）將對黎巴嫩的旅行警告調升為「第四級：勿前往」，這是美國國務院有關旅行建議的最高級別警告。,https://m.cnyes.com/news/id/6349985
139,6349975,大摩：瑞郎是最像黃金的避險貨幣 兌美元有望飆升17%,,https://m.cnyes.com/news/id/6349975
140,6349987,伊朗局勢趨緊 美國下令黎巴嫩非必要外交官撤離,據美國媒體周一（23 日）報導，鑑於與伊朗緊張局勢升級，美國國務院下令「非必要」美國外交官及家屬離開黎巴嫩。,https://m.cnyes.com/news/id/6349987
141,6349937,最高法院重擊關稅政策 國會與川普角力升溫,儘管川普強調可在無需國會同意下推動新關稅，但共和黨內部不安浮現，加上民主黨揚言全面阻擊，使關稅議題在期中選舉前恐成政治焦點。,https://m.cnyes.com/news/id/6349937
142,6349919,美股重點新聞摘要2026年2月24日,美股重點新聞摘要 2026 年 2 月 24 日,https://m.cnyes.com/news/id/6349919
143,6349964,AI支出令市場心慌 亞馬遜擬花120億美元建資料中心 股價應聲挫逾2% 月跌逾14%,"亞馬遜宣布投資 120 億美元在路易斯安那州興建資料中心園區，創造逾 2,000 個相關職位，但市場憂心 AI 資本支出擴張過快，股價盤後下跌 2.5%。",https://m.cnyes.com/news/id/6349964
144,6349932,反烏托邦AI報告震撼華爾街 支付與軟體股全面承壓,Citrini Research 發布一份探討 AI 快速發展潛在風險的反烏托邦情境分析，報告設定的情境並非 AI 發展失敗，反而是假設技術進展超出預期，而標普 500 指數 (SPX) 仍可能重挫 38%。,https://m.cnyes.com/news/id/6349932
145,6349967,反擊最高法院裁決！川普擬動用232條款 對電池、電信等六大產業課徵國安關稅,,https://m.cnyes.com/news/id/6349967
146,6349931,財報倒數！輝達空單規模居冠 逼近500億美元,S3 Partners 研究顯示，輝達財報公布在即，市場空頭部位動向引發關注。研究機構 S3 Partners 最新報告指出，輝達目前為標普 500 指數中名目空頭曝險最大的個股，規模約達 500 億美元。,https://m.cnyes.com/news/id/6349931
147,6349920,CrowdStrike重挫近10%資安股嚇跌 Anthropic推AI安全工具引疑慮,據《路透》報導，CrowdStrike(CRWD-US) 與 Datadog(DDOG-US) 等多家資安公司股價周一 (23 日) 重挫，投資人持續評估 AI 新創 Anthropic 推出新安全工具對產業的潛在影響。,https://m.cnyes.com/news/id/6349920
148,6349933,歐盟開第一槍 延後表決美歐貿易協議,美國總統川普宣布全球 15% 關稅後，歐洲政經圈震盪升溫，歐盟週一 (23 日) 已延後對美貿易協議相關表決，並警告跨大西洋貿易關係正面臨新的不確定性。,https://m.cnyes.com/news/id/6349933
149,6349927,120億美元市場在望 Gilead同意收購 生技股Arcellx暴漲78%創歷史新高,Gilead 以 78 億美元收購 Arcellx(ACLX-US)，激勵股價單日暴漲 78% 創新高。隨 anito-cel 申請進展，細胞療法市場整併潮持續升溫。,https://m.cnyes.com/news/id/6349927
150,6349950,〈貴金屬盤後〉金價攀上三周高點 川普關稅計畫不確定性引發避險需求,,https://m.cnyes.com/news/id/6349950
151,6349938,特斯拉提告加州車管局 爭取撤銷「虛假廣告」認定,據多家外媒報導，特斯拉已向加州車輛管理局 (DMV) 提起訴訟，試圖推翻監管機構先前認定其在宣傳自動駕駛能力時違反法律的裁決，並希望撤銷「虛假廣告」標籤。,https://m.cnyes.com/news/id/6349938
152,6349757,〈美股盤後〉AI顛覆憂慮與關稅夾擊 道瓊狂瀉逾800點 IBM慘崩超13%,市場同時受到人工智慧 (AI) 衝擊疑慮與關稅不確定性夾擊，美股週一 (23 日)  殺聲隆隆，道瓊指數狂瀉逾 800 點，標普 500 指數下跌 1%，那斯達克綜合指數下跌 1.1%。,https://m.cnyes.com/news/id/6349757
153,6349926,併購風聲再起 新CEO將上任 PayPal股價強彈成標普500漲幅王,在併購傳聞推動下，PayPal 股價大漲 4.8%，成為標普 500 表現最佳個股。儘管短線反彈，今年以來仍累計下跌 25%，市場關注後續動向。,https://m.cnyes.com/news/id/6349926
154,6349923,IBM暴跌13%成AI恐慌最新受害者 Anthropic程式語言威脅核心業務,IBM 股價周一 (23 日) 遭重擊，成為市場認為受到 AI 技術衝擊的最新受害者之一。此前，Anthropic 表示，其 Claude Code 工具可用於現代化仍在使用 COBOL 的舊式系統。,https://m.cnyes.com/news/id/6349923
155,6348448,完美碾壓標普500！「這項投資」3年狂漲300%    專家：後悔買股票,當資金湧入科技與 AI 股之際，愛馬仕（Hermès）Mini Kelly II 與柏金包近三年漲幅高達 300% 與 285%，大幅超越標普 500。專家指出，精品因稀缺性與品牌價值，正成為類似黃金與股票的投資標的，掀起奢侈品資產化,https://m.cnyes.com/news/id/6348448
156,6349918,〈紐約匯市〉美元下跌 關稅爭議擾動市場情緒,美元周一 (23 日) 下跌，投資人評估美國最高法院裁決推翻總統川普的關稅措施及其政府回應所帶來的影響。市場也關注美國與伊朗之間更多的核談判進展。,https://m.cnyes.com/news/id/6349918
157,6349804,〈能源盤後〉市場緊盯美伊核談與美國關稅走向 油價徘徊在6個月高點,美伊核談判進入關鍵階段，加上美國關稅政策反覆，引發市場避險情緒升溫，布蘭特油價創下六個月新高，能源市場波動加劇。,https://m.cnyes.com/news/id/6349804
158,6348460,〈台股盤前要聞〉3萬4過關拉回、股匯開紅盤雙漲、陳俊聖：漲價效應催生急單,台股盤前要聞,https://m.cnyes.com/news/id/6348460
159,6349037,領跑全球！韓股飆破5900點+房市政策受好評 李在明支持率連四周上升,,https://m.cnyes.com/news/id/6349037
160,6349803,【袁志峰專欄】關注周三財政預算案,"今日推介 - 京東健康 (6618, $58.15), 目標價 $64.0, 止損價 $56.0",https://m.cnyes.com/news/id/6349803
161,6349753,放空潮來襲！避險基金大舉拋售全球股票 金融股成重災區,高盛 (GS-US) 指出，避險基金近期拋售全球股票的速度，已創下自 2025 年 4 月關稅風暴以來最快紀錄。根據其 Prime Services 部門交易員資料，截至 2 月 19 日當周，避險基金淨賣出規模達到較常態水準低 1.4 個標準差，,https://m.cnyes.com/news/id/6349753
162,6349781,EUV光源功率可提升至千瓦！艾司摩爾：2030年每小時晶圓產量可望提升50%,,https://m.cnyes.com/news/id/6349781
163,6349866,AI來搶飯碗？資安股連兩天大跌,網路安全類股周一 (23 日) 連續第二天下跌，在人工智慧（AI）安全工具問世後，投資人擔憂產業既有商業模式恐遭顛覆。AI 新創公司 Anthropic 上周五為旗下 Claude 模型推出安全工具，宣稱可掃描軟體程式碼漏洞並提出修補建,https://m.cnyes.com/news/id/6349866
164,6349839,川普新關稅掀不確定性 美債殖利率走低,美國公債周一 (23 日) 走強，在川普揚言持續推動貿易戰、並宣布對所有國家商品課徵 15% 新關稅之際，市場不確定性升溫，資金轉向避險資產。隨著股市走低，投資人湧入政府公債，帶動各年期殖利率全面下滑。紐約早盤交投清淡，10 年期公,https://m.cnyes.com/news/id/6349839
165,6349748,3月會降息嗎？Fed理事華勒：像擲硬幣,綜合外媒報導，聯準會（Fed）理事華勒（Christopher Waller）周一 (23 日) 表示，他是否支持在 3 月政策會議上降息，將取決於即將公布的 2 月就業市場數據。他指出，目前對維持利率不變或降息 1 碼（25 個基點）的可,https://m.cnyes.com/news/id/6349748
166,6349758,不服裁決！川普再嗆最高法院 誓言動用其他關稅權力,《路透》報導，美國總統川普周一 (23 日) 再度抨擊美國最高法院，針對上周裁定其大規模關稅措施違法的判決表達不滿，並誓言將動用其他關稅權力與許可制度施壓，但未說明具體細節。,https://m.cnyes.com/news/id/6349758
167,6349599,〈美股早盤〉關稅不確定性升溫 主要指數開盤走低,美股主要指數周一 (23 日) 開盤走低，延續近期震盪走勢。川普在最高法院裁定其部分關稅措施違法後，宣布對所有國家進口商品課徵 15% 新關稅，市場對貿易政策走向再度產生疑慮，壓抑風險偏好。投資人轉趨審慎，資金流向公債與黃金等避險,https://m.cnyes.com/news/id/6349599
168,6349602,AI衝擊軟體業 融資轉趨保守違約風險升溫,《路透》周一 (23 日) 報導，人工智慧 (AI) 快速發展正對軟體產業商業模式帶來衝擊，連帶使融資環境轉趨保守。市場人士指出，在借貸成本攀升與放款機構審查趨嚴的雙重壓力下，美國與其他地區多家軟體公司已暫緩或延後發債與貸款安排，,https://m.cnyes.com/news/id/6349602
169,6349606,王牌藥將失專利 默沙東啟動大重組,美國製藥大廠默沙東 (Merck)(MRK-US) 周一 (23 日) 宣布重整旗下人用藥品事業架構，將核心業務一分為二，為旗下重磅癌症藥 Keytruda 專利將於 2028 年在美國到期提前布局。隨著未來面臨學名藥競爭壓力，公司希望透,https://m.cnyes.com/news/id/6349606
170,6349601,減重藥對決出爐！諾和諾德不敵禮來 股價重挫15%,綜合外媒報導，丹麥製藥大廠諾和諾德 (Novo Nordisk)(NVO-US) 周一 (23 日) 公布，其次世代減重藥物 CagriSema 在與禮來(LLY-US)Tirzepatide 的正面對決試驗中未能證明「不劣於」對手，對,https://m.cnyes.com/news/id/6349601
171,6349734,台化Q1產品組合優化降低營運負擔 法人估今年有望轉盈,台化 (1326-TW) 去 (2025) 年第四季因麥寮 SM 廠安排定檢，以及苯酚廠調降稼動率，致相關產品產銷下滑，今 (2026) 年第一季起，受惠於產品售價調漲及稼動率提升，預估台化因應市況變化而調整產銷策略的效益有望逐漸顯現。,https://m.cnyes.com/news/id/6349734
172,6349657,全球資金湧入拉丁美洲 股市迎來歷史性飆升,拉丁美洲股市正迎來十年來最強勁的增長勢頭。數據顯示，全球投資者正以十年來最快的速度湧入該地區，將巴西、哥倫比亞和墨西哥等國家的股市推向多年高點。,https://m.cnyes.com/news/id/6349657
173,6349605,川普關稅連番出手 美國貿易逆差為何仍創新高？,為何關稅未能縮小美國貿易逆差？《華爾街日報》(WSJ)周一 (23 日) 報導指出，美國總統川普正加碼推動關稅措施，儘管這些政策迄今未達成其宣稱的重要目標之一：扭轉長期失衡的全球貿易結構。最新數據顯示，即使美國最高法院日前裁定,https://m.cnyes.com/news/id/6349605
174,6349676,00878送上開工紅包！首季配息升至0.42元 年化配息率7.1%,00878 送上開工紅包！首季配息升至 0.42 元 年化配息率 7.1%,https://m.cnyes.com/news/id/6349676
175,6349590,大摩警示AI交易風險 轉向新興市場非AI領域與大宗商品,市場對美國科技巨頭估值過高及資本支出沉重的擔憂日益增加，不安情緒也波及開發中市場，因為在新興市場自 4 月以來 12 兆美元的漲幅中，近乎一半集中在與人工智慧 (AI) 相關的股票。對此，摩根士丹利投資管理 (Morgan S,https://m.cnyes.com/news/id/6349590
176,6349674,中鴻去年Q4虧損收斂5成 2025全年每股虧1.29元,中鴻去年 Q4 虧損收斂 5 成 去年每股虧 1.29 元,https://m.cnyes.com/news/id/6349674
177,6349662,00946擬配0.058元年化配息率近7% 3/11最後買進日,00946 擬配 0.058 元年化配息率近 7% 3/11 最後買進日,https://m.cnyes.com/news/id/6349662
178,6349659,最高法院裁定川普關稅違法 專家：美關稅壁壘短期仍難動搖,美國最高法院近日針對關稅權限做出重大裁決，判定總統川普無權依據《國際緊急經濟權力法》(IEEPA) 單方面課徵關稅，維持下級法院先前認定該加稅措施違法的判決。,https://m.cnyes.com/news/id/6349659
179,6349584,不懼川普關稅混亂 南韓Kospi指數持續衝高 再創歷史新高,儘管美國總統川普提出的貿易關稅政策持續帶來不確定性，南韓綜合股價指數 (KOSPI) 周一 (23 日) 仍表現強勁，盤中首度突破 5900 點，向 6000 點大關邁進。截至收盤，KOSPI 上漲 37.56 點，漲幅 0.65,https://m.cnyes.com/news/id/6349584
180,6349607,晶睿3/27正式下市、3/18最後交易日 將成台達電100%子公司,證交所今 (23) 日公告，安控廠晶睿 (3454-TW) 因與台達電 (2308-TW) 進行股份轉換，將成為台達電 100% 持股之子公司。依照證交所營業細則規定，晶睿將於 2026 年 3 月 27 日正式下市，結束其在資,https://m.cnyes.com/news/id/6349607
181,6349600,又生變？美歐貿易協議臨門一腳 卻遭川普新關稅干擾,《彭博》報導，歐盟擬暫停批准美歐貿易協議程序，要求川普政府就新一輪關稅計畫提出更明確說明。歐洲議會主要政治黨團表示，將於周一 (23 日) 暫停相關立法作業，此舉發生在美國最高法院裁定，川普動用緊急權力法推動所謂「對等關稅」缺,https://m.cnyes.com/news/id/6349600
182,6349588,闖關3萬4失利 外資買超83億元 避險敲進5檔債券ETF  狂掃群創12萬張,台股今 (23) 日開高走低，3 萬 4 千點大關得而復失，終場爆量上漲 167 點、收在 33773 點，外資大舉敲進債券，光買超前 10 名就有 5 檔為債券 ETF，合計張數超過 61 萬張，同時青睞群創與力積電，兩檔合計張數達 18 萬張。,https://m.cnyes.com/news/id/6349588
183,6349572,關稅朝令夕改後 英國恐淪為川普新政策下「最大輸家」,在經歷數個月對英美優惠貿易協議的宣傳後，英國目前正面臨嚴峻的經濟考驗。隨著美國最高法院推翻先前的全球關稅裁定，英國可能成為這場關稅大戰中最大輸家。,https://m.cnyes.com/news/id/6349572
184,6349597,公司債未如期償付！永冠-KY明起併案列全額交割、分盤交易,證交所於今 (23) 日公告，永冠 - KY(1589-TW) 因無法如期償還債權人要求贖回之可轉換公司債，觸及證交所營業細則相關條款，自 2026 年 2 月 24 日起，其上市有價證券將改列為變更交易方法，並採行分盤集,https://m.cnyes.com/news/id/6349597
185,6349585,〈台幣〉外資節後歸隊 股匯開紅盤齊揚收31.462元,台北股匯無懼年假期間川普關稅變數，金馬年開紅盤上演雙漲走勢，大盤一度站上 3 萬 4，新台幣兌美元同步展開補漲，衝破 31.5 元關卡，升值 5.6 分,https://m.cnyes.com/news/id/6349585
186,6349181,最高法院推翻川普關稅仍難降物價？高盛示警：企業不會輕易降價、退稅恐等數年,"美國最高法院撤銷川普依 IEEPA 實施的部分關稅，但高盛指出企業不太可能因關稅下調而直接降價。關稅成本已推升核心 PCE 約 0.7%，2026 年 GDP 預估放緩至 2.5%，約 1,800 億美元關稅退款恐需數年。",https://m.cnyes.com/news/id/6349181
187,6349582,景美科技25日登興櫃 今年營收估增3至4成,景美科技 (7899-TW) 即將於 2 月 25 日登錄興櫃，董事長陳吉良表示，受惠 AI 與 HPC 需求帶動，探針卡相關鑽孔與結構件需求熱絡，加上 FT 測試座新業務加持，將挹注今年營運表現，法人估，景美科技今年營收估大增 3 至 4 成，毛利率,https://m.cnyes.com/news/id/6349582
188,6349574,高資產客戶投資衝力十足! 鉅亨買基金點名這四大類基金最受青睞,鉅亨買基金今 (23) 日指出，觀察高資產客戶的實際投資配置，有助於在震盪市況中找到相對明確的方向，據統計顯示，高資產客戶以股票型基金為核心配置，持有率高達 88%，最青睞資訊科技、台股及美股基金，債券則以新興市場債券基金為主,https://m.cnyes.com/news/id/6349574
189,6349571,中鋼通過ISO 37001反賄賂管理系統驗證 落實誠信經營,中鋼通過 ISO 37001 反賄賂管理系統驗證 落實誠信經營,https://m.cnyes.com/news/id/6349571
190,6349560,價格自高點腰斬 避險基金加速逃離比特幣現貨ETF,曾經推動美國比特幣現貨 ETF 熱潮的主力軍—避險基金，如今正在快速撤退。,https://m.cnyes.com/news/id/6349560
191,6349573,以藍碳與 AI 強化能源與通訊韌性 台灣大再入選《S&P Global永續年鑑》,永續評比機構 S&amp;P Global 於日前公布 2026 年《S&amp;P Global 永續年鑑》，台灣大 (3045-TW) 連續 9 度入選且 7 度榮獲全球前 5% 肯定。,https://m.cnyes.com/news/id/6349573
192,6349570,台新新光金新春團拜近2000員工參與 吳東亮期勉千軍萬馬之姿再創高峰,台新新光金新春團拜近 2000 員工參與 吳東亮期勉千軍萬馬之姿再創高峰,https://m.cnyes.com/news/id/6349570
193,6349558,瑩碩活化資產價值 與健喬簽署5項藥品轉讓合約,瑩碩今日宣布與健喬達成一項合作協議，將旗下 5 張已上市產品藥證轉讓予健喬，包括 3 項降血糖藥物、1 項抗生素及 1 項治療輕度至中度阿茲海默症與帕金森氏症藥品，並可收取簽約金與里程碑金，將依完成時間點認列收益。 ,https://m.cnyes.com/news/id/6349558
194,6349469,〈新春團拜〉臺企銀「馬」力夯！元月自結獲利13億年增近1成 連4年賺破百億期再登高峰,臺灣中小企銀 (2859-TW) 於今（23）日舉行新春團拜，由董事長李嘉祥與總經理李國忠率領團隊參與，期許馬年業績再創新高。該行公布 2026 年 1 月自結稅後淨利 13.16 億元，年成長 9.78%，每股稅後盈餘 0.14 元，可,https://m.cnyes.com/news/id/6349469
195,6349468,台股金馬年馬力夯！ 00961這天「最後買進日」趕搭高息成長列車,,https://m.cnyes.com/news/id/6349468
196,6349464,飆股絕對是一檔接一檔、台積電、華邦電⊕、華通⊕、台星科,,https://m.cnyes.com/news/id/6349464
197,6349452,集保結算所新春團拜 AI與數位化再造金融後台新紀元,集保結算所新春團拜 AI 與數位化再造金融後台新紀元,https://m.cnyes.com/news/id/6349452
198,6349455,【量大強漲股整理】台股再刷歷史新高紀錄，未來有機會續航嗎?關鍵看甚麼?,,https://m.cnyes.com/news/id/6349455
199,6349412,投資人極度看多！美銀調查：新興市場配置創5年新高 金價上看6200 最擔心「這事」,美銀美林 2 月份經理人調查顯示，投資者情緒達極度看多水準，創 2021 年 6 月以來新高。受惠於全球經濟前景改善，高達 52% 經理人預期經濟不會著陸，並預測未來 12 個月企業獲利將現雙位數成長。在資產配置上，經理人大舉轉向新興市場與,https://m.cnyes.com/news/id/6349412
200,6349411,挪用保費零容忍！金管會：無論金額大小即刻通報 最高可罰1200萬元,為了展現對保險費挪用行為的「零容忍」態度，金管會今 (23) 日宣布修正《保險業通報重大偶發事件之範圍申報程序及其他應遵循事項》。,https://m.cnyes.com/news/id/6349411
201,6349405,醣聯Q2啟動第二個生物相似藥開發計劃 攻350億美元市場,醣聯 (4168-TW) 今 (23) 日宣布，繼治療骨質疏鬆症生物相似藥後，預計今年第二季啟動第二個生物相似藥開發計劃，鎖定新型生物乾癬等免疫相關疾病，搶攻 350 億美元的生物相似藥市場。 ,https://m.cnyes.com/news/id/6349405
202,6349399,研調：電視面板2月全尺寸上漲1-3美元 顯示器面板同步走揚,電視面板 2 月價格維持全面上漲 顯示器面板同步走揚,https://m.cnyes.com/news/id/6349399
203,6349389,存ETF放大年終獎金！0050元月定期定額衝破80億大關 人均扣款過萬,台股今年以來展現萬馬奔騰氣勢，1 月年終獎金入帳後再帶動投資人進場 ETF，據投信投顧公會最新資料，2026 年 1 月 ETF 定期定額成長持續由元大台灣 50(0050-TW) 一枝獨秀，單月扣款金額與扣款人數成長均居冠,https://m.cnyes.com/news/id/6349389
204,6349256,證券F4新春團拜！證交所「馬力十足」助攻新創及債市 期交所揪期貨業力拚4億口,證券 F4 今（23）日分別舉行新春團拜，櫃買中心董事長簡立忠在致詞中強調，今年將「馬力十足」積極衝刺，扶植優質企業與新創公司進入資本市場，並深化 ESG 永續治理，強化上櫃公司競爭力、推出「五年債券市場發展規劃案」；期交所董事,https://m.cnyes.com/news/id/6349256
205,6348446,31兆美元美債市場變天！賣出訊號全面亮燈 大行齊聲喊空,,https://m.cnyes.com/news/id/6348446
206,6349413,台股天量再寫新高！半導體主流不變，壓買跌才是王道：聯鈞、統新、台積電,,https://m.cnyes.com/news/id/6349413
207,6349431,營收速報  - 元大金(2885)1月營收177.71億元年增率高達110.84％,"2026年1月元大金(2885-TW) 營收年增成長110.84% , 盤後股價為46.55元",https://m.cnyes.com/news/id/6349431
208,6349355,2030年AI市場暴衝1.4兆美元！小摩：中國AI模型這麼便宜 這兩家公司「必須買進」,,https://m.cnyes.com/news/id/6349355
209,6349250,美最高法院裁定關稅違憲 美國企業再陷入政策反覆迷霧,就在美國貿易政策看來逐步穩定時，最高法院上周五的重大裁決，再次將未來關稅走向推入混亂的深淵。,https://m.cnyes.com/news/id/6349250
210,6348987,美國面對中國科技的行動手冊！CSIS解析美中科技競爭六大迷思與2026戰略行動藍圖,美國掌握 90% AI 晶片，中國控制 90% 稀土加工，全球科技競爭進入生態系對決。CSIS《Tech Edge》報告拆解六大迷思、四類技術框架與 2026 行動藍圖，全面解析美中長期科技戰略。,https://m.cnyes.com/news/id/6348987
211,6349353,〈港股盤後〉恒指勁揚2.5% 科指大漲3.3% 科技與周期股成增長雙主線,港股情緒周一 (23 日) 顯著回暖，主要指數開高走高並集體大漲。截至收盤，恒生指數上漲 2.53%，報收 27081.91 點；恒生科技指數大漲 3.34%；國企指數上漲 2.65%。盤面上看，科網股、半導體及資源類板塊成為推動大盤上,https://m.cnyes.com/news/id/6349353
212,6349255,春節國旅強勢開紅盤 觀光署：初一至初六風景區人潮年增125%,"觀光署今 (23) 日公布統計，春節自農曆初一 (2 月 17 日) 開始至初六 (22 日)，全台國家風景區湧入 387 萬 1,887 人次，平均每日達 64 萬 5,314 人次出遊，比去年每日平均 28 萬 6,765 人次成長約 125%。",https://m.cnyes.com/news/id/6349255
213,6349257,保瑞中壢廠升格為保稅工廠 CDMO出口動能再提升,保瑞 (6472-TW) 今 (23) 日宣布，旗下 CDMO 網絡中的中壢廠經台北關核准登記為保稅工廠。保瑞指出，中壢廠升格為保稅工廠，有助提升 CDMO 出口動能，強化外銷接單與國際競爭力。 ,https://m.cnyes.com/news/id/6349257
214,6349345,拒絕消費衝動！從紅包開始的財商養成,,https://m.cnyes.com/news/id/6349345
215,6349260,"台股閃崩439點內幕：爆量 9,000 億，誰在瘋狂倒貨？",,https://m.cnyes.com/news/id/6349260
216,6349230,AI浪潮與關稅利多助攻 泰達電成泰國首家市值破千億美元企業,泰達電周一 (23 日) 股價大漲，市值突破 1000 億美元，成為泰國史上首家達成此紀錄的上市企業。,https://m.cnyes.com/news/id/6349230
217,6349040,全球資金瘋搶！外資單月58億美元湧入巴西勝2025全年 投資大老Druckenmiller精準抄底,,https://m.cnyes.com/news/id/6349040
218,6349185,美元走軟與關稅政策變動 推升銅價升至近1.3萬美元,受美國貿易政策不確定性以及美元走軟的推動，周一 (23 日) 倫敦金屬交易所 (LME) 銅價連續第二天上漲，朝著每噸 13000 美元的整數關口邁進。,https://m.cnyes.com/news/id/6349185
219,6349244,東科-KY 2025年EPS 10.26元歷史次高 配發現金股利7.2元 3/27除息,聲學 ODM 廠東科 - KY(5225-TW) 今 (23) 日董事會後決議通過 2025 年財報，全年賺 8 億元，每股純益 10.26 元創歷史次高，並通過發放現金股利 7.2 元，配發率 70.2%，維持以往高配息率，並預計 3/27 為除息,https://m.cnyes.com/news/id/6349244
220,6349231,〈新春團拜〉合庫金董座看好AI供應鏈續熱拉動傳產 今年獲利將再締新猶,合庫金控集團於 2026 年農曆年開工首日舉行新春團拜，由合庫金控暨銀行董事長林衍茂率領旗下 6 家子公司首長向全體員工賀年。合庫金 2025 年合併稅後淨利達 214.29 億元，較前一年度成長 8.18%，改寫歷史新高。展望 2026 年,https://m.cnyes.com/news/id/6349231
221,6348989,史丹佛75%學生都在用！AI配對約會App「Date Drop」爆紅,史丹佛大學 AI 約會 App「Date Drop」爆紅，吸引逾 5000 名學生、完成 3.5 萬次匹配，並獲 210 萬美元融資。透過大型語言模型與 66 題深度問卷，每週一次「盲盒式配對」顛覆傳統交友 App 模式。然而走出校園後，身份驗證,https://m.cnyes.com/news/id/6348989
222,6349152,華爾街資金外流創16年新高 南韓與巴西成熱門避風港,隨著科技巨頭增長放緩及海外市場吸引力大增，美國投資者正以至少 16 年來最快的速度撤離本土股市。,https://m.cnyes.com/news/id/6349152
223,6348998,數位黃金變「數位生菜」！輝達H100二手價驚見1.5折 竟是AI應用爆發前奏,,https://m.cnyes.com/news/id/6348998
224,6349227,〈金融業新春團拜〉第一金獲利連5年創高 獲MSCI ESG最高等級AAA 躋身全球銀行前5%,第一金融集團今（23) 日舉行新春團拜，董事長邱月琴率領團隊宣告 2025 年經營佳績。第一金 (2892-TW) 集團合併稅後淨利達 269.33 億元，連續 5 年改寫歷史新高，年成長超過 6% 。其中第一銀行稅後淨利 256.63,https://m.cnyes.com/news/id/6349227
225,6349226,台股爆量飆高急縮 三大法人土洋對作賣超51.42億元,,https://m.cnyes.com/news/id/6349226
226,6348738,伊朗外長：有望達成更優伊核協議,據伊朗伊斯蘭共和國通訊社報導，伊朗外長阿拉格齊周日（22 日）在接受美國媒體採訪時表示，可能達成比 2015 年伊朗核問題全面協議「更好的協議」，他強調伊朗擁有和平利用核能的權利。,https://m.cnyes.com/news/id/6348738
227,6349120,毫無動靜！OpenAI星際之門推出逾一年陷擱淺泥沼 美媒揭一主要原因,,https://m.cnyes.com/news/id/6349120
228,6349184,聯電蟬聯標普全球永續年鑑前1% 穩居產業標竿,聯電 (2303-TW)(UMC-US) 今 (23) 日宣布，標普全球 (S&amp;P Global) 發布的《2026 年標普全球永續年鑑》結果出爐，聯電持續入選為全球半導體產業 Top 1%，更在標普全球企業永續評比 (CSA) 得分中，連,https://m.cnyes.com/news/id/6349184
229,6349183,美海關將停徵IEEPA關稅 台灣時間明午1點生效,,https://m.cnyes.com/news/id/6349183
230,6349171,億光擴大專利戰線 赴美控告首爾半導體車用LED侵權,國內 LED 廠億光 (2393-TW) 繼先前控告 Lumileds 後，專利戰線再度擴大，於 2 月 13 日向美國德州東區聯邦地方法院馬歇爾分院遞狀，正式控告競爭對手首爾半導體侵害其美國覆晶專利 ，此次專利侵權訴訟的主要標的為首爾半導,https://m.cnyes.com/news/id/6349171
231,6349127,美最高法院叫停川普關稅 中國、印度從政策輸家變贏家,在美國最高法院宣布針對對等關稅的裁決後，原本深受關稅重創的貿易夥伴，如今反而成為局勢變動下的最大受益者。,https://m.cnyes.com/news/id/6349127
232,6348988,生成式AI效率悖論浮現！工程師揭「AI疲勞」真相：產出更多卻更疲憊,工程師 Siddhant Khare 發文指出「AI 疲勞」正悄悄蔓延。生成式 AI 雖提升程式開發效率，卻帶來效率悖論、提示詞螺旋與思考能力退化風險。從 OpenFGA 核心開發者的觀察，看工程師如何在 FOMO 與快,https://m.cnyes.com/news/id/6348988
233,6349138,比特幣跌破6.5萬美元引發連環清算 麻吉大哥這次又沒躲過,隨著台灣春節假期結束，比特幣在周一 (23 日) 出現新一輪大跌，由近 6.8 萬美元快速跌破 6.5 萬美元，多頭槓桿再度出現一波爆倉潮。,https://m.cnyes.com/news/id/6349138
234,6349136,全球AI資料中心建設引爆記憶體飢渴！SK海力士承諾擴產：HBM是怪獸晶片,,https://m.cnyes.com/news/id/6349136
235,6349111,〈台股盤後〉開紅盤3萬4馬失前蹄 美股期貨跌干擾漲點縮至167點,台股今 (23) 日開盤一馬當先，盤中一度衝上 34212 點，大漲超過 600 點，但隨著關稅疑慮猶在，美股那斯達克期貨重挫超過 250 點，跌幅高達 1%，也讓市場追價意願大幅降低，在賣壓出籠下，終場收在 33773 點，漲幅收斂至 167,https://m.cnyes.com/news/id/6349111
236,6349140,最高法院判違法 美國海關：將停止徵收非法川普關稅,美國海關與邊境保護局（CBP）宣布，將於美國東部時間周二凌晨 12:01（台灣時間 13:01）停止徵收依據《國際緊急經濟權力法》（IEEPA）開徵的關稅。,https://m.cnyes.com/news/id/6349140
237,6349137,台新新光金 永續三連霸  蟬聯全球Top 1%最高榮譽,,https://m.cnyes.com/news/id/6349137
238,6349143,金馬年創高開局！年後飆股預備！CPO、玻纖布大漲，怎麼買？,,https://m.cnyes.com/news/id/6349143
239,6349115,卓揆新春團拜開工喊話：鎖定關稅談判確保最惠條件 並強化與立院溝通效率,行政院長卓榮泰今 (23) 日於 115 年新春團拜中，感謝行政團隊過去一年的辛勞，帶領台灣達成去年經濟成長率 15 年新高。面對新的一年，他強調政府將在賴清德總統提出的四大優先指示下，穩健邁向開放、富強、安全目標。針對國際變局，他,https://m.cnyes.com/news/id/6349115
240,6349110,藍鴞資本關閉贖回大門 讓規模1.8兆美元的私募信貸市場陷入動盪,全球規模達 1.8 兆美元的私募信貸市場，現正面臨自 2008 年金融海嘯以來最嚴峻的信心考驗。,https://m.cnyes.com/news/id/6349110
241,6348362,Google股價被低估！分析師：若OpenAI值8300億  Google股價理論應翻倍,"OpenAI 最新融資估值達 8,300 億美元，相當於 2027 年預估營收 14 倍；相比之下，Google 僅約 6.7 倍。市場是否過度押注 AI 高成長溢價，而低估 Google、微軟與亞馬遜在 AI 轉型中的資源優勢與",https://m.cnyes.com/news/id/6348362
242,6349071,紐約時報：川普考慮對伊朗先「小打」再「大打」,美國總統川普已告訴幕僚，他傾向在未來數日對伊朗發動初步打擊，然後在未來數月發動一場更大規模的軍事打擊，迫使伊朗屈服，按美方要求達成協議。,https://m.cnyes.com/news/id/6349071
243,6349101,賴清德邀五院院長茶敘提出「四化」期盼化分歧為團結邁出合作第一步,總統賴清德今日上午邀五院院長進行新春茶敘，賴清德強調，希望憲政體制下各院分工合作、共同承擔國家責任的重要性。賴清德表示，目前面對國內外挑戰，期盼在新的一年能化誤解為理解、化分歧為團結。,https://m.cnyes.com/news/id/6349101
244,6349123,加密幣24小時蒸發千億美元！比特幣跌破6.5萬美元 6萬大關成生死線,,https://m.cnyes.com/news/id/6349123
245,6348496,五大投行點將：輝達下半年跑贏大盤 還有4檔「隱形勝者」正迎買點,,https://m.cnyes.com/news/id/6348496
246,6349039,宇樹王興興：現階段機器人技術跟十歲小孩相近 廣泛應用也許最快3年 最久不超過10年,,https://m.cnyes.com/news/id/6349039
247,6348894,〈焦點股〉電子五哥開紅盤僅和碩一枝獨秀 廣達平盤附近遊走,台股今 (23) 日馬年開紅盤，早盤大漲逾 500 點，不過電子五哥今天股價表現弱勢，僅有和碩走揚，廣達則於平盤附近遊走，緯創、英業達及仁寶皆臉綠。,https://m.cnyes.com/news/id/6348894
248,6349092,〈焦點股〉低軌衛星需求成長佳 華通開高走高攻漲停創25年新高,華通 (2313-TW) 在 2025 年第四季對低軌衛星板進入高峰期，2025 全年低軌衛星 (LEO) 板的營收超越 155 億元，同時，華通在泰國廠的產能已擴至每月 40 萬呎，今年還有加碼投資新產能開出。,https://m.cnyes.com/news/id/6349092
249,6349050,〈焦點股〉村田評估調漲高階MLCC價格 被動元件族群開門紅,〈焦點股〉村田評估調漲高階 MLCC 價格 被動元件族群開門紅,https://m.cnyes.com/news/id/6349050
250,6349024,川普政府推「科技工作團」擴大全球布局！美中AI競賽升溫、印度成AI主權關鍵戰場,在美中科技競爭加劇之際，美國白宮宣布成立「科技工作團（Tech Corps）」，透過和平工作團推動 AI 出口計畫，協助各國導入美國人工智慧技術。印度預料成為核心夥伴，AI 主權與 Pax Silica 供應鏈戰略浮上檯面。,https://m.cnyes.com/news/id/6349024
251,6349038,〈焦點股〉開紅盤竄出勇腳馬 波若威創天價領多檔光通訊股齊奔漲停,Lumentum 在台股封關期間大漲，激勵光通訊族群展開補漲行情，以波若威 (3163-TW) 領頭上揚，開盤後隨即攻上新天價 647 元，領上詮 (3363-TW)、華星光 (4979-TW) 等 5 檔攻上漲停板。,https://m.cnyes.com/news/id/6349038
252,6349002,〈焦點股〉台股開紅盤馬上3萬4！4金控噴漲半根 金融股撐起半邊天,台股金馬年開紅盤，指數一開盤即上演「補漲行情」，除了半導體與矽光子族群領頭衝鋒外，金融股今 (23) 日同樣紅光滿面，成為指數挺進 34000 點大關的關鍵支柱之一，其中，中信金噴漲 5% 續創新天價,https://m.cnyes.com/news/id/6349002
253,6349001,高盛評春晚機器人：硬體顯著進步 推動應用普及 但AI大腦仍須經過實戰考驗,,https://m.cnyes.com/news/id/6349001
254,6349022,M31完成4奈米高速傳輸IP驗證 布局UFS 4.1與車用市場,IP 供應商 M31 (6643-TW) 今 (23) 日宣布，MIPI M-PHY v5.0 IP 已在 4 奈米先進製程完成矽驗證，並積極推進 3 奈米製程開發。象徵公司已具備賦能 UFS 4.1 (Universal Fla,https://m.cnyes.com/news/id/6349022
255,6349034,〈宏碁新春團拜〉安圖斯強攻中小型語言模型伺服器 避開大型雲端紅海,PC 品牌宏碁 (2353-TW) 今 (23) 日舉辦新春團辦記者會，旗下安圖斯科技董事長侯知遠表示，安圖斯目前在亞太地區取得不錯進展，將避開大型雲端服務商的競爭紅海並全力鎖定中小型語言模型市場。,https://m.cnyes.com/news/id/6349034
256,6349023,〈宏碁新春團拜〉宏碁重新定調四大戰略事業 預期今年AI PC滲透率過半,PC 品牌宏碁 (2353-TW) 今 (23) 日舉辦新春團拜記者會，董事長陳俊聖指出集團轉四大核心事業藍圖與今年個人電腦景氣展望，並更看好邊緣運算趨勢將帶動人工智慧電腦成為今年主要的成長動能。,https://m.cnyes.com/news/id/6349023
257,6349021,〈房產〉全台空屋率刷15年來新高  5年內新成屋空屋率呈現逆勢減少,根據最新低度使用住宅統計，去年上半年低度使用住宅比率 10.43%，年增 1.11 個百分點，寫下近 15 年來高紀錄，也是統計以來的次高紀錄，不過 5 年內的新成屋空屋率反而下滑，顯示新的房子實際居住需求穩定。,https://m.cnyes.com/news/id/6349021
258,6349012,光罩1月純益近億元 先進封裝產品下半年起貢獻營收,台灣光罩 (2338-TW) 營運表現持續升溫，在集團整合策略發酵下，母公司本業獲利已連續 5 個月實現月增長，今年 1 月合併營收 5.36 億元，核心光罩業務貢獻達 3.4 億元，占比逾 6 成並創下近一年新高，單月自結獲利接近億元大關，顯,https://m.cnyes.com/news/id/6349012
259,6349008,〈房產〉2025年開工宅數創6年新低  房仲：馬年由都更、小宅支撐房市動能,馬年開工日，不動產業的開工狀況恐將面臨調節。以內政部最新資料，2025 年全年住宅開工宅數 12.7 萬宅，較前一年減少約 2%，為近 6 年新低，顯示不動產開發市場因應政策與景氣變化，已從源頭的開工量進行調整。,https://m.cnyes.com/news/id/6349008
260,6348991,台灣天然堡壘神話恐破滅！美智庫專家示警：中國解放軍攻台勝算「相當高」,美國智庫「國防重點」亞洲計畫主任高德斯坦分析中國攻台可行性，指出未來數年動武機率不低。解放軍可動用飛彈、空軍與兩棲部隊快速集結，台灣恐難判斷主攻方向。他同時警告，北京雖需承擔高昂代價，但民族主義與歷史因素可能推升風險。文,https://m.cnyes.com/news/id/6348991
261,6348999,馬年紅盤日衝破3萬4閃現34千金 力旺、致茂高掛漲停紅燈,台股今 (23) 日迎來開紅盤，隨著買盤全面搶進，多檔權值股一馬當先表態大漲，千金股也同樣獲得多頭青睞，股王信驊 (5274-TW) 最高達 9810 元，靠攏前高 9855 元，華城 (1519-TW) 也在缺電題材簇擁下，重返千金行列，,https://m.cnyes.com/news/id/6348999
262,6348497,海報滿街、投資喊破千億！印度AI峰會辦很大 卻難掩實力落差,,https://m.cnyes.com/news/id/6348497
263,6349009,〈宏碁新春團拜〉陳俊聖：漲價預期催生急單、推升客單價 今年營收拚逆勢成長,PC 品牌宏碁 (2353-TW) 今 (23) 日舉辦新春團辦記者會，宏碁董事長陳俊聖指出當前個人電腦產業面臨記憶體與中央處理器缺貨漲價的逆風環境。雖然終端產品售價勢必調漲並影響部分買氣，但看好今年整體營收仍將保持成長態勢。,https://m.cnyes.com/news/id/6349009
264,6348980,〈金融業新春團拜〉兆豐金去年大賺350億創高！董座視訊團拜拋金馬年聚焦4大方向再攀高峰,兆豐金控今 (23) 日舉行金馬年新春視訊團拜，董事長董瑞斌率領總經理張傳章等高階主管向數千名員工拜年，勉勵同仁發揮千里馬的堅毅精神再創佳績。兆豐金控去年繳出稅後淨利 350.38 億元的亮眼成績單，獲利刷新歷史紀錄，展現公股領,https://m.cnyes.com/news/id/6348980
265,6349007,ETF怎麼選？永豐金證券推《2026豐雲學堂ETF大賞》　從13檔入圍揭示年度配置方向,,https://m.cnyes.com/news/id/6349007
266,6348997,〈焦點股〉士電訂單能見度看至2030年 漲逾半根停板攻月線,士電受惠台電強韌電網計畫、AI 產業需求及北美外銷訂單暢旺，整體訂單能見度看到 2029 至 2030 年，且預計於 3 月調漲新接單的變壓器價格，看好第一季營收與獲利表現，激勵士電今 (23) 日開紅盤日漲逾半根停板，一舉站上月線。 ,https://m.cnyes.com/news/id/6348997
267,6348955,美股科技股將迎轉機！美券商Wedbush列出十大關鍵驅動因素,,https://m.cnyes.com/news/id/6348955
268,6348449,奧特曼批馬斯克太空AI資料中心構想「荒謬」：未來十年內難成規模,特斯拉執行長馬斯克力推太空 AI 資料中心，甚至喊出兩三年內成為最低成本選項；但奧特曼直言在現階段「相當荒謬」，指出發射成本與太空維修難度過高。同時 Google 也將其列為登月級計畫，預計 2027 年啟,https://m.cnyes.com/news/id/6348449
269,6348929,〈焦點股〉不配息更吸金？009816開紅盤上漲2% 榮登台股成交王,台股今 (23) 日金馬年開紅盤大展鴻圖，加權指數早盤飆漲逾 600 點，最高衝上 33605 點，台積電、台達電、國巨 * 等電子權值股發威，金控股也氣勢如虹，帶動多檔市值型 ETF 走勢強勁，,https://m.cnyes.com/news/id/6348929
270,6336630,〈金融業新春團拜〉土銀去年盈餘破200億創紀錄 董座何英明開工期許：馬年衝刺高資產業務,土地銀行於 23 日舉行新春團拜，董事長何英明宣布 114 年稅前盈餘達 200.34 億元，再度刷新歷史紀錄。何英明表示，去年土銀在經營績效與風險控管表現卓越，逾放比 0.07% 及備抵呆帳覆蓋率 2007.24% 均居公股行庫之冠。展望,https://m.cnyes.com/news/id/6336630
271,6348953,金馬年攻高背後的關鍵產業：被動元件轉強訊號浮現,,https://m.cnyes.com/news/id/6348953
272,6348805,〈證交所新春團拜〉彭金隆：今年將頒布「金融大回饋」指引 全民共享壯大市場果實,台股今 (23) 日開紅盤再顯神威！繼蛇年封關站穩 3 萬 3 後，今天多頭加足馬力，早盤一舉飛越 34000 點大關。金管會主委彭金隆上午出席證交所新春團拜時，特別繫上喜氣的鮮紅領帶，宣示今年四大面向持續推動亞洲資產管,https://m.cnyes.com/news/id/6348805
273,6348905,彰銀馬力全開！外幣定存祭8.88%高利 千元入門限時7天輕鬆理財,彰化銀行 (2801-TW) 因應市場對短期資金靈活配置需求，特別於馬年推出馬力全開高利快閃外幣定存活動。該專案主打短天期、高利率與低門檻三大特色，提供年利率高達 8.88% 的優惠，活動期間自 116 年 2 月 24 日起至 3 月 5 日,https://m.cnyes.com/news/id/6348905
274,6348444,關稅違憲也不退讓！美貿易代表強硬護航川普與他國協議：需遵守協議,美國最高法院裁定川普無權動用緊急權力加徵關稅，但白宮強調既有對中、歐盟、日本與南韓協議不受影響，並將推動 15% 全球關稅。歐盟與印度要求政策「完全清晰」，美中關稅仍維持 40%，川普貿易政策再掀國際與國內爭議。,https://m.cnyes.com/news/id/6348444
275,6348895,藥華藥Ropeg高劑量方案獲日本核准 有助提升日本市場滲透率與出貨,藥華藥 (6446-TW) 宣布，日本厚生勞動省已核准旗下新藥 Ropeg 的高劑量給藥方案納入仿單。此次獲准納入仿單，將有助提升 Ropeg 在日本市場的滲透率與出貨，為推動日本市場成長的重要動能。 ,https://m.cnyes.com/news/id/6348895
276,6348874,美國最高法院公布關稅訴訟案判定 中國商務部回應！,美國最高法院上周五（20 日）公布關稅訴訟案判定，認定美國政府依據《國際緊急經濟權力法》對貿易夥伴加徵的「對等關稅」、「芬太尼關稅」等相關關稅違法。,https://m.cnyes.com/news/id/6348874
277,6348565,美貿易代表：關稅敗訴不影響美中峰會及對中談判立場 不會推翻與貿易夥伴的協議,,https://m.cnyes.com/news/id/6348565
278,6348740,川普IEEPA關稅違法 中菲行：可能影響台日韓貿易框架,川普 IEEPA 關稅違法 中菲行：可能影響台日韓貿易框架,https://m.cnyes.com/news/id/6348740
279,6348447,歐盟強硬要求川普遵守歐美貿易協議：「必須信守承諾」,美國最高法院裁定推翻川普全球性關稅後，川普宣布全面 10% 並提高至 15% 新關稅，引發歐盟強烈反彈。歐洲委員會要求美方遵守歐美貿易協議，強調「契約就是契約」，並警告不確定關稅政策恐衝擊全球市場信心。,https://m.cnyes.com/news/id/6348447
280,6348664,俄羅斯發動大規模飛彈襲擊 普丁最新發聲,今天（23 日）是俄羅斯「祖國保衛者日」，俄羅斯總統普丁發表講話，表示俄羅斯將根據國際局勢的發展，基於特別軍事行動中獲得的戰鬥經驗，繼續展開大規模加強陸海軍的工作。,https://m.cnyes.com/news/id/6348664
281,6348666,〈證交所新春團拜〉風雨中茁壯！林修銘看好台灣產業韌性 金馬年台股動能強勁,台股今 (23) 日開紅盤，一舉站上 3 萬 4 再締新猷，證交所盤前舉行「中華民國證券暨期貨業丙午年新春團拜」，董事長林修銘指出，台灣資本市場在過去一年展現出令人驚嘆的成長動能，,https://m.cnyes.com/news/id/6348666
282,6348759,〈台股開盤〉開紅盤萬馬奔騰漲逾500點 台積電翻紅帶隊躍過3萬4創高,〈台股開盤〉開紅盤萬馬奔騰漲逾 500 點 台積電翻紅帶隊躍過 3 萬 4 創高,https://m.cnyes.com/news/id/6348759
283,6348650,創紀錄！全球資金流向南韓、日本股市,據美銀統計，過去 4 周創紀錄的資金流入（646 億美元）全球股市基金，主要流入南韓和日本股市，其中南韓股市基金寫下史上最大 6 周資金流入（177 億美元）。,https://m.cnyes.com/news/id/6348650
284,6348398,記憶體庫存僅剩4週！SK海力士：今年沒有客戶能完全滿足需求,,https://m.cnyes.com/news/id/6348398
285,6348479,韓股驚驚漲！KOSPI今續飆逾2%連三天創史高 主要券商紛上調目標價 最高喊7900點,,https://m.cnyes.com/news/id/6348479
286,6348445,春節返程高峰來襲 三亞飛北上廣深 機票逼近萬元,農歷正月初六（22 日），春節假期進入尾聲，中國海南島迎來年度最大規模返程客流。多家在線旅遊平台的數據顯示，2 月 22 日至 23 日（初六至初七）期間，從三亞飛往北京、上海等核心城市的直飛航班經濟艙幾乎全部售罄，僅剩的公務艙票價,https://m.cnyes.com/news/id/6348445
287,6348495,年後新春開紅盤 記憶體將強勢補漲 台積電、鴻海、緯創呢?,,https://m.cnyes.com/news/id/6348495
288,6348480,〈房產〉外國人來北市置產 大安區成爲美國、馬國買家最大交集,台北市地政局統計，2021 年至 2025 年間，外國人在台北市購置不動產的來源國，以美國、英屬維京群島及馬來西亞居前三名。排除英屬維京群島多屬台資背景後，美國與馬來西亞成為主要外籍買方來源；從行政區觀察，大安區交易居冠。,https://m.cnyes.com/news/id/6348480
289,6348491,川普稅只是「打火機」？ 除了台積電，金馬年最強「三劍客」是它！,,https://m.cnyes.com/news/id/6348491
290,6348465,美伊緊張局勢升級！國際金銀價格齊漲逾2% 無懼美元強勁升勢,,https://m.cnyes.com/news/id/6348465
291,6348454,一名男子企圖闖川普海湖莊園 疑似持霰彈槍 被執法人員擊斃,美國特勤局周日（22 日）表示，特勤局特工在川普總統位於佛羅里達州西棕櫚灘的海湖莊園開槍擊斃一名二十多歲的男子，該男子當時企圖非法進入安全警戒區。,https://m.cnyes.com/news/id/6348454
292,6348452,沙國等14國發聯合聲明 譴責美國駐以色列大使言論,據美國《CNN》、《法新社》等外媒報導，阿聯、埃及、約旦等 14 國及國際組織周日（22 日）發表聯合聲明，譴責美國駐以色列大使赫卡比近日所謂「以色列有權控制整個中東」的言論。,https://m.cnyes.com/news/id/6348452
293,6348443,關稅失效！這兩大族群準備噴出,,https://m.cnyes.com/news/id/6348443
294,6348397,瑞銀喊黃金將變「極度稀缺」 長線直奔6200美元,,https://m.cnyes.com/news/id/6348397
295,6348361,輝達、OpenAI千億合作案縮水！金額或僅剩原計畫「三成」,AI 晶片龍頭輝達擬以 300 億美元入股 OpenAI，取代原先 1000 億美元合作框架。本輪融資規模恐破千億美元，OpenAI 估值達 7300 億美元，並計畫 2030 年前投入 6000 億美元擴充算力，AI 軍備競賽再升級。,https://m.cnyes.com/news/id/6348361
296,6348160,全球AI模型領導者！大摩首評MiniMax給予930港元目標價：高估值核心邏輯繫於兩大關鍵,,https://m.cnyes.com/news/id/6348160
297,6348335,川普最新民調拉警報！65%不滿通膨處理、整體反對率飆至60%,在川普發表國情咨文前夕，《ABC》、《華盛頓郵報》與 Ipsos 民調顯示，多數美國民眾不滿其在通膨、關稅、外交與經濟政策上的表現，整體不支持率達 60%。儘管評價低迷，民主黨信任度亦未顯著領先，共和黨內部更出現 MAGA 與非 M,https://m.cnyes.com/news/id/6348335
298,6348338,為何川普政策未引爆美國經濟衰退？布魯金斯學會揭預測失準「三大原因」,川普經濟政策未如預期引發衰退與高通膨？布魯金斯學會分析指出，關稅衝擊被高估、《大而美法案》與 AI 投資帶動成長，加上政策影響尚未完全顯現，成為經濟學家預測失準的三大關鍵。,https://m.cnyes.com/news/id/6348338
299,6348308,美國在約旦軍事基地部署大量戰機 衛星圖像顯示超過60架,據約旦《Roya News》上周六（21 日）報導，美國日前在約旦穆沃費格薩勒提空軍基地部署大量戰機和運輸機，數量較日常部署明顯增加。,https://m.cnyes.com/news/id/6348308
300,6348353,美歐貿易協議恐告吹？歐盟議會大老喊卡：關稅政策太混亂,歐洲議會國際貿易委員會主席朗格表示，在獲得美國政府對整體貿易政策的明確說明前，將提議凍結歐美「特恩貝里協議」批准程序。此前美國最高法院裁定川普無權援引 IEEPA 實施對等關稅，川普隨後宣布全球關稅升至 15%，引發歐盟與法國,https://m.cnyes.com/news/id/6348353
301,6348399,〈台股盤前要聞〉馬年開紅盤衝3萬4？川普關稅衝擊又來、國泰金奪單月獲利王,台股盤前要聞,https://m.cnyes.com/news/id/6348399
302,6348334,印度緊急喊卡赴美行程：美國最高法院否決川普關稅造成「不確定性」,美國最高法院推翻川普關稅措施後，印度宣布延後原定訪問華府的貿易代表團行程。雙方原擬敲定涉及 5000 億美元採購的臨時貿易協議，如今因 15% 臨時關稅與政策不確定性面臨變數，莫迪政府承壓。,https://m.cnyes.com/news/id/6348334
303,6348307,美中戰機對峙 韓方對美表達不滿,韓國《朝鮮日報》上周六（21 日）披露，由於韓國政府拒絕參與美國提出的韓美日聯合空中演習，美日兩國於 16 日和 18 日在日本海和東海單獨舉行聯合演習。,https://m.cnyes.com/news/id/6348307
304,6348383,川普下達「48小時最後通牒」！美伊核談判現轉機、若破局恐直接斬首哈米尼？,美國官員透露，若伊朗在 48 小時內提交核協議詳細提案，美方將於日內瓦重啟談判。川普視此為最後外交機會，不排除與以色列採取軍事行動，甚至可能鎖定伊朗最高領袖哈米尼。雙方亦可能討論臨時協議，美伊局勢進入關鍵時刻。,https://m.cnyes.com/news/id/6348383
305,6348041,擴產也來不及！全球記憶體荒將成AI競爭關鍵瓶頸 又一矽谷大老發聲示警,,https://m.cnyes.com/news/id/6348041
306,6347909,〈走進中國〉春節商機！電話接不完 美甲師加班到凌晨三點,晚上 9 點，當周邊附近的商家準備關門時，北京將台地區的美畫美甲美睫店，正在陸續迎新客進門。,https://m.cnyes.com/news/id/6347909
307,6348301,美國關稅政策逆轉影響美中談判！彭博：習近平在與川普會晤佔上風,美國最高法院裁定川普緊急關稅措施無效，取消對中國第二任期加徵關稅，使北京僅面對 15% 全球稅率。分析指出，習近平在川習會前談判籌碼增強，但川普仍可動用 301 條款與出口管制反制。中美貿易、稀土、大豆與半導體議題成焦點。,https://m.cnyes.com/news/id/6348301
308,6348162,本週操盤筆記：美歐通膨與GDP數據、中韓泰央行利率決議、輝達財報,,https://m.cnyes.com/news/id/6348162
309,6348267,〈台股風向球〉金馬開紅盤奔向3萬4？兩大變數釀短壓 關注五大族群走勢,雖然美伊情勢緊張、美最高法院裁定川普對等關稅違法，川普反手加徵 15% 關稅等兩大不確定因素，但分析師表示，影響層面有限，下周開盤短線雖有壓，但輝達 (NVDA-US) 即將公布財報利多，指數有指數有望漸入佳境。,https://m.cnyes.com/news/id/6348267
310,6348195,跌逾四成、市值損失逾兆美元！比特幣「數位黃金、支付貨幣與投機之選」故事講不下去了？,,https://m.cnyes.com/news/id/6348195
311,6348175,有鏡頭！OpenAI被曝最快一年內推出AI音箱,最新消息顯示，OpenAI 計劃在 2027 年推出首款採用鏡頭的人工智慧（AI）音箱，同時布局智慧眼鏡、智慧台燈等硬體產品。,https://m.cnyes.com/news/id/6348175
312,6348183,再槓馬斯克！OpenAI奧特曼：把資料中心建在太空的想法十分荒謬,,https://m.cnyes.com/news/id/6348183
313,6348158,Costco等數百家公司提起訴訟 要求退還美國政府關稅支付款項,在美國最高法院判定川普政府大規模關稅措施違法後，Costco 等數百家公司提起訴訟，要求退還被最高法判定「越權」的美國政府關稅政策支付款項。,https://m.cnyes.com/news/id/6348158
314,6348224,馬上紅！台積電ADR封關期間漲2.38% 記憶體暴衝助攻台股馬年開紅盤,台積電 (2330-TW)(TSM-US)ADR 於馬年封關期間上漲 2.38%，較台北交易溢價將近 22%，與台股密切連動的美光 (MU-US)、晟碟 (SNDK-US) 也在該期間飆漲 14.71%、20%，法人看好，在台積電與記憶,https://m.cnyes.com/news/id/6348224
315,6348167,雷軍吹牛變現實！小米YU7奪全品類銷冠 20萬人民幣以上車款擊敗特斯拉 首殺外資霸主,,https://m.cnyes.com/news/id/6348167
316,6345436,〈觀察〉連接線廠卡位人形機器人 整合電機關鍵應用效益明年爆發,〈觀察〉連接線廠卡位人形機器人 整合電機關鍵應用效益明年爆發,https://m.cnyes.com/news/id/6345436
317,6345446,〈馬年景氣展望〉台股大發利市！法人悄悄卡位金融黑馬股 迎年後「股利大紅包」,2025 年歷經對等關稅、新台幣暴力升值風波，保險業與證券業一度出現亂流，好在下半年股市回神、交投轉熱，匯率也持穩；而銀行業受惠台美利差維持一定水位、財富管理需求強勁，成為金控旗下穩定的獲利引擎,https://m.cnyes.com/news/id/6345446
318,6343130,依台股市場最新趨勢與產業脈動篩選出8檔具明顯長線成長潛力股,,https://m.cnyes.com/news/id/6343130
319,6345124,〈馬年景氣展望〉北美CSP投資AI伺服器力道不減 電子五哥AI伺服器業務成長,AI 伺服器需求強勁，北美四大 CSP 業者持續擴大 AI 伺服器的採購，法人指出，AI 伺服器為電子五哥今年上半年主要動能，並預期下半年在 ASIC 專案逐步放量下，將帶動電子五哥 AI 伺服器業務成長。,https://m.cnyes.com/news/id/6345124
320,6348163,OpenAI大砍2030年算力支出目標至6000億美元 縮水57%背後盤算是什麼？,,https://m.cnyes.com/news/id/6348163
321,6344652,訂單潮湧 松川精密及百容等繼電器廠首季營運明確看增,繼電器廠松川精密在 2025 年第三季以來的業績走穩，並且在 2025 年 12 月及 2026 年元月營收連續創新高，本季營收將有機會繼上季之後再創新高，而同樣生產繼電器的百容在元月營收以 1.8 億元創 41 個月新高。,https://m.cnyes.com/news/id/6344652
322,6348154,美國最高法院判川普關稅違憲 歐盟、英國、加拿大、墨西哥、德國最新發聲,據美國《CNBC》等媒體報導，美國多個貿易夥伴對美國最高法院周五（20 日）有關川普政府大規模關稅政策的判定表示謹慎歡迎。,https://m.cnyes.com/news/id/6348154
323,6343928,〈潛力股〉明泰1.6T交換器Q1送樣拚雙位數成長 印度市場成營運衝刺主力,網通廠明泰 (3380-TW) 將於 2 月 26 日舉行法人說明會，市場聚焦今年成長動能與新產品進度。受惠於 AI 資料中心需求強勁，明泰在高速交換器技術取得突破，預計 1.6T 水冷式交換器將於今年第一季正式送樣，最快下半年貢獻營收。此,https://m.cnyes.com/news/id/6343928
324,6348159,關稅修訂憂慮+退稅懸而未決！歐美汽車業既樂觀與憂慮並存,,https://m.cnyes.com/news/id/6348159
325,6348161,若OpenAI估值8300億美元 Google等科技巨頭又該值多少？,,https://m.cnyes.com/news/id/6348161
326,6345593,AI 能源需求引爆SMR浪潮 榮剛擁利基,AI 能源需求引爆 SMR 浪潮！特殊鋼大廠榮剛深耕核能供應鏈，搶攻綠能商機,https://m.cnyes.com/news/id/6345593
327,6348024,重金押注諾基亞！美媒：黃仁勳「物理AI」戰力新三角浮出水面,,https://m.cnyes.com/news/id/6348024
328,6348121,伊朗宣布：所有歐盟國家海軍、空軍列「恐怖組織」,伊朗外交部周六（21 日）發表聲明，將所有歐盟國家的海軍和空軍列為「恐怖組織」，作為歐盟將伊朗伊斯蘭革命衛隊列入「恐怖組織」的對等行動。,https://m.cnyes.com/news/id/6348121
329,6348120,德國總理：協調歐盟立場後赴美見川普 討論美國關稅政策,德國總理梅爾茨周六（21 日）表示，他將在一周多後前往華盛頓，同美國總統川普討論美國關稅政策，將以協調一致的歐盟立場與其展開對話。,https://m.cnyes.com/news/id/6348120
330,6348076,「記憶體市場全面進入賣方時代」SK海力士預警：今年所有客戶的需求無法完全滿足,,https://m.cnyes.com/news/id/6348076
331,6348116,「輝達親兒子」CoreWeave股價重挫12%！資料中心融資卡關、債務評級未達標,美國 AI 雲端運算公司 CoreWeave（CRWV-US）盤中重挫 12%，主因 Blue Owl Capital 資料中心融資受阻，加上標普評級僅 B + 引發信用疑慮。儘管背靠輝達（NVDA-US）且年內仍漲約 19%，但高負債與 A,https://m.cnyes.com/news/id/6348116
332,6348082,美國希望印度購買委內瑞拉石油 美國大使：正在積極談判,據《今日俄羅斯》報導，美國駐印度大使戈爾周五（20 日）表示，美國正與印度就後者購買委內瑞拉石油事宜積極談判，希望很快能有消息。,https://m.cnyes.com/news/id/6348082
333,6348114,美國最高法院推翻川普IEEPA關稅！Jefferies點名這「5檔」受惠股,美國最高法院裁定川普不得援引 IEEPA 課徵關稅，華爾街聚焦關稅取消後的受惠族群。Jefferies 點名西格內特珠寶、YETI、SharkNinja、Nike 與 Birkenstock 等 5 檔,https://m.cnyes.com/news/id/6348114
334,6348069,川普關稅被推翻 日經：日本對美投資承諾不變,美國最高法院周五（20 日）用一紙判定推翻川普政府的「對等關稅」，但即便如此，日本似乎仍打算繼續遵守貿易協議。,https://m.cnyes.com/news/id/6348069
335,6348111,川普稱將提升全球關稅到15%！誓言延續「讓美國再次偉大」政策,美國總統川普在美國最高法院裁定其關稅機制違法後，宣布將原本 10% 的全球關稅提高至 15%。川普透過 Truth Social 強調，未來數月將公布新的合法關稅措施，持續推動「讓美國再次偉大」政策，引發市場與國際關注。,https://m.cnyes.com/news/id/6348111
336,6348000,跨食品餐飲油脂及冰品 南僑爲食品類股首家「T+T+A」三掛牌公司,南僑 (1702-TW) 集團今 (21) 日發布訊息，南僑董事長陳飛龍，於 2 月 12 日安詳辭世，享嵩壽 90 歲，陳飛龍 65 年來帶領南僑，勇敢跨越產業領域，經營產業由清潔用品跨入兩岸油脂、食品、餐飲及冰品等事業經營。,https://m.cnyes.com/news/id/6348000
337,6348023,光電板大廠志超科技董事長暨執行長徐正民辭世,光電板大廠志超科技 (8213-TW) 今 (21) 日發布重大訊息指出，志超董事長暨執行長徐正民辭世，同時，徐正民也是 PCB 板廠宇環科技 (3276-TW) 董事長。,https://m.cnyes.com/news/id/6348023
338,6347980,南僑集團會長陳飛龍辭世 享嵩壽90歲,南僑 (1702-TW) 集團今 (21) 日發布訊息，南僑集團董事長陳飛龍，於 2 月 12 日在家人的陪伴下，安詳辭世，享嵩壽 90 歲。,https://m.cnyes.com/news/id/6347980
339,6347880,台股封關期間費半獨強 主要股市表現與五大重點新聞速覽,,https://m.cnyes.com/news/id/6347880
340,6347976,川普改課10%臨時關稅 政院：已獲232條款最惠國待遇 對台衝擊有限,美國聯邦最高法院於 2 月 20 日裁定川普總統援引《國際緊急經濟權力法》課徵之對等關稅及芬太尼關稅因逾越授權而無效。行政院發言人李慧芝今 (21) 日表示，政府高度關注裁決結果，儘管美方隨即改採《1974 年貿易法》徵收 10% 臨時關,https://m.cnyes.com/news/id/6347976
341,6347830,OpenAI最新財務藍圖曝光：2030年營收目標2800億美元、算力支出修正為6000億美元,,https://m.cnyes.com/news/id/6347830
342,6347950,川普批裁決「國家恥辱」10%全球關稅接棒 各路專家怎麼看？,美國最高法院以 6 比 3 裁定川普政府無權依 IEEPA 實施全面關稅，潛在影響涉及約 60% 已徵稅項與 1330 億美元退款爭議。華爾街收高，但專家認為貿易不確定性仍未消除。,https://m.cnyes.com/news/id/6347950
343,6347943,關稅遭判非法之際 白宮證實川普3月底出訪中國,白宮證實川普將於 3 月 31 日至 4 月 2 日出訪中國，正值最高法院裁定其部分關稅政策非法之際。關稅、貿易休戰、AI 晶片與台灣議題，料將成為此行談判關鍵。,https://m.cnyes.com/news/id/6347943
344,6347925,當AI開始掃漏洞....資安產業未來？Claude令市場陷入恐慌 全球百億美元市值一夕蒸發,Anthropic 推出 Claude Code Security 後，美股資安板塊單日蒸發逾 100 億美元。AI 正式切入企業核心安全流程，資本市場開始重估千億級產業的未來價值。,https://m.cnyes.com/news/id/6347925
345,6347849,川普關稅案敗訴 1750億美元企業退稅戰開打！貝森特：今年關稅收入幾乎不變,,https://m.cnyes.com/news/id/6347849
346,6347913,美最高法院給川普的屈辱大禮！從查理一世到川普 徵稅權的歷史警示,專欄作家 David Frum 在《大西洋月刊》以社論指出，最高法院否決川普以緊急權力徵收關稅的主張，重申徵稅與支出權專屬國會。 2.3 兆美元的財政構想雖因此落空，但美國憲政結構暫時穩固。,https://m.cnyes.com/news/id/6347913
347,6345460,〈潛力股〉榮昌啖Wi-Fi 7、低軌衛星趨勢商機 今年營運強勁成長,〈潛力股〉榮昌啖 Wi-Fi 7、低軌衛星趨勢商機 今年營運強勁成長,https://m.cnyes.com/news/id/6345460
348,6345110,〈馬年景氣展望〉台電強韌電網計畫、AI基建需求旺 重電四雄展望佳,北美四大 CSP 持續上調資本支出，且近一半用於建置資料中心，帶動美國資料中心電力需求，電網商機可期，加上台電強韌電網計畫持續挹注，台廠重電四雄華城、士電、亞力及中興電接受惠，今年展望正向。,https://m.cnyes.com/news/id/6345110
349,6344930,〈人物專訪〉擺脫紅海市場競爭 晶技林萬興：要在AI、網通應用發光,林萬興指出，晶技原就看好 2026 年由網通、AI 伺服器等基建帶動的高階頻率元件需求成長， 帶來新的市場機會，晶技 2026 年在營收有機會再小幅成長；同時，晶技在每年都投入占營收 7-8% 的研發費用，在競爭力也不容忽視。,https://m.cnyes.com/news/id/6344930
350,6347912,《華爾街日報》社論：法院不是橡皮圖章！真正關稅解放日,最高法院以 6 比 3 否決川普依緊急權力徵收大規模關稅，強調徵稅權專屬國會，並重申重大問題須經明確授權，為行政擴權劃下清晰界線。,https://m.cnyes.com/news/id/6347912
351,6347716,《華爾街時報》全球十大機器狗榜出爐：中國企業拿下八席！,《華爾街時報》2025 年度全球四足機器人榜單顯示，中國企業以 8 席壓倒性優勢登榜，從消費級到工業級全面覆蓋，展現技術、產能與全球化市場的領先地位，改寫全球機器人產業格局。,https://m.cnyes.com/news/id/6347716
352,6342305,AI測試難度大增 測試介面四雄今年營運續攀峰,AI 基礎建設進入高速成長期，AI GPU、AI ASIC 需求同步暢旺，在晶片功耗大增、訊號傳輸提升以及小晶片架構趨勢延續下，測試介面為 AI 晶片量產前的守門員，也持續迎來大升級，產業迎來量價齊揚，台廠包括旺矽 (6223-T,https://m.cnyes.com/news/id/6342305
353,6347893,川普單邊課稅遭最高法院打臉 蘋果32億美元恐掀退款風暴,美國最高法院以 6 比 3 裁定川普對等關稅違法，推翻實施 10 個月的政策。蘋果已承擔約 32 億美元關稅，退款機制未明，企業與市場仍面臨不確定性。,https://m.cnyes.com/news/id/6347893
354,6345126,投信法人看旺開紅盤金馬報喜！AI供應鏈迎收割期 企業獲利看增逾3成,台股金蛇年完美收官！在權值王台積電與 AI 供應鏈帶動下，以 33605.71 點創下史上最強封關紀錄，全年累計狂飆 10080 點。展望金馬年，安聯、新光、台新及玉山等投信業者一致認為，,https://m.cnyes.com/news/id/6345126
355,6347876,英國政府考慮將英王胞弟安德魯踢出王位繼承順序,英國政府周五（20 日）正考慮制定新法，將前王子安德魯 · 蒙巴頓 - 溫莎踢出王位繼承順序。,https://m.cnyes.com/news/id/6347876
356,6347701,〈美股13F報告〉貝萊德調倉：加倉核心科技股輝達、蘋果 布局新材料、化工 持倉市值達5.92兆美元,貝萊德近日發布的第四季持倉報告顯示，其持倉總市值達到 5.92 兆美元，季增 3.67%。報告中提到，貝萊德對輝達、蘋果等科技股進行增持，同時在新能源車和新材料領域展現新的佈局策略。,https://m.cnyes.com/news/id/6347701
357,6345461,0050勇奪2025親子存股冠軍！壓歲錢22年翻15倍 滾出百萬留學基金,元大台灣 50(0050-TW)2025 年風光無限，席捲定期定額、總投資人數冠軍，大型證券商公布的親子理財熱門標的，同樣由 0050 拔得頭籌，顯示新時代的爸媽相對更加重視理財成長性，不少人在孩子出生後馬上開立帳戶,https://m.cnyes.com/news/id/6345461
358,6343094,台灣太空供應鏈關鍵機會、暨低軌衛星五檔爆發潛力股,,https://m.cnyes.com/news/id/6343094
359,6347868,遊戲營收下滑10% 微軟38年老將退場 Xbox轉型AI時代,微軟宣布，任職 38 年的 Xbox 負責人 Phil Spencer 將退休，由 AI 高層 Asha Sharma 接任。此時遊戲營收下滑 10%、主機銷量落後對手，微軟正加速整合 AI 與遊戲布局。,https://m.cnyes.com/news/id/6347868
360,6347855,川普簽行政命令 2月24日起全球加徵10%關稅、豁免範圍出爐,,https://m.cnyes.com/news/id/6347855
361,6345463,馬年紅包理財術 主動型債券ETF殖利率穩守6% 搭月配機制成小資心頭好,農曆新年後，如何運用年終獎金與紅包打造長期增值潛力，成為投資人關注焦點。法人指出，2026 年全球經濟雖穩健成長，但關稅與通膨變數猶存，且股市基期已高，建議投資人將資金投入「主動式債券 ETF」透過專業經理人動態調整投組,https://m.cnyes.com/news/id/6345463
362,6347875,多國敦促在伊朗公民儘快撤離,德國、瑞典、斯洛伐克等國周五（20 日）敦促在伊朗的本國公民儘快撤離。此前一天，波蘭總理圖斯克也發出類似呼籲。,https://m.cnyes.com/news/id/6347875
363,6347687,〈紐約匯市〉最高法院推翻關稅案 美元先跌後穩 周線強彈1% 仍創三個月最強周漲幅,美國最高法院以 6 比 3 否決川普關稅權限，引發匯市震盪。美元指數跌至 97.72，但在聯準會偏鷹與地緣風險支撐下，全周仍上漲約 1%，創近三個月最佳表現。,https://m.cnyes.com/news/id/6347687
364,6345681,AI驅動光通訊發光 法人：矽光ASP有望隨傳輸速度提升而成長,台廠供應鏈從高速光模組製造到系統設備廠，受惠於北美雲服務巨頭 (CSP) 的資本支出持續增加，法人預期矽光 (CPO) 的 ASP(產品均價) 有望隨速度提升，將持續挹注業績成長。,https://m.cnyes.com/news/id/6345681
365,6347688,堪稱「AlphaFold 4」！谷歌旗下AI製藥公司推新引擎IsoDDE 性能翻倍卻全面閉源,谷歌旗下 Isomorphic Labs 發布新一代 AI 藥物設計引擎 IsoDDE，在多項測試中性能遠超 AlphaFold 3，但選擇全面閉源，引發學界對 AI 科學工具未來開放與商業化走向的討論。,https://m.cnyes.com/news/id/6347688
366,6347829,〈美股盤後〉川普全球關稅被推翻 美股歡漲 三大指數周線攀高,,https://m.cnyes.com/news/id/6347829
367,6325757,〈馬年景氣展望〉低軌衛星引爆商機 網通廠布局多年迎收割期,隨著全球對高速網路與無死角通訊的需求日益增長，低軌衛星（LEO）技術正成為繼 5G 之後的通訊新戰場。台灣網通廠在地面設備、衛星通訊晶片與射頻元件等領域積極佈局，力圖在 SpaceX、OneWeb 等國際巨頭的供應鏈中佔據一席之,https://m.cnyes.com/news/id/6325757
368,6347715,繼紐約聯準會報告打臉後 川普關稅又遭美最高法院否決依據 民調也不利,最高法院以 6 比 3 裁定川普加徵關稅逾越權限，多份研究顯示企業與消費者承擔近九成成本，貿易逆差仍高達 1.241 兆美元，政策成效備受質疑。,https://m.cnyes.com/news/id/6347715
369,6343930,〈潛力股〉立碁搶攻矽光子商機 今年營運拚優於去年,LED 封裝廠立碁 (8111-TW) 近年積極轉型，全力衝刺利基型產品與前瞻技術佈局，並已成功加入矽光子國家隊，今年將以利基產品放量與矽光子研發推進為雙主軸，持續降低傳統 LED 元件比重，並預計第 1 季投入千萬元資金擴充無塵室與,https://m.cnyes.com/news/id/6343930
370,6347717,川普關稅遭最高法院判無授權 美股勁揚 市場押注7月才降息,美國最高法院否決川普關稅法律依據，引發市場震盪，美股走揚；同時核心 PCE 升至 3%，GDP 放緩至 1.4%，聯準會降息時點再添變數。,https://m.cnyes.com/news/id/6347717
371,6347783,川普考慮對伊朗發動有限軍事打擊！10至15天內決定、油價飆升、荷莫茲海峽成最大風險,美國總統川普表示正考慮對伊朗核計畫發動有限軍事打擊，並將在 10 至 15 天內做出決定。美軍加強中東部署，市場憂心美伊衝突恐衝擊荷莫茲海峽石油運輸，國際油價本週大漲逾 5%。,https://m.cnyes.com/news/id/6347783
372,6347775,川普宣布對全球商品徵收10%新關稅！反擊最高法院裁定,在美國最高法院裁定緊急關稅違法後，川普宣布依《1974 年貿易法》第 122 條對全球加徵 10% 關稅為期 150 天，並強調第 232 條與第 301 條關稅持續生效，未來恐再推新一輪貿易調查與關稅措施。,https://m.cnyes.com/news/id/6347775
373,6347758,川普訪中會習近平日期出爐！最高法院撤銷關稅打亂談判 貿易休兵現變數？,美總統川普預計於 3 月 31 日至 4 月 2 日訪問中國，與習近平會談，雙方將討論貿易休兵延長、最高法院撤銷美國出口關稅影響，以及台灣等地緣政治議題。,https://m.cnyes.com/news/id/6347758
374,6347686,地緣政治風險推升美元！歐元承壓逼近一個月低點,,https://m.cnyes.com/news/id/6347686
375,6347702,美最高法院駁回川普關稅政策！歐盟尋求美國澄清後續措施,,https://m.cnyes.com/news/id/6347702
376,6347712,違憲徵稅！最高法院KO川普全球關稅政策 美財政意外之財「泡湯」,,https://m.cnyes.com/news/id/6347712
377,6347268,台灣爸媽最怕「美國人」子女離婚被分走財產？PwC授3絕招幫你守「金庫」,資誠（PwC Taiwan）指出，台灣父母在規劃贈與或遺產給美籍子女時，最擔心的莫過於子女若面臨離婚，財產是否會被視為婚姻共有而遭對半平分。資誠美國業務負責人蘇宥人強調，資產是否具備個別性，關鍵在於居住州的法律規定以及是,https://m.cnyes.com/news/id/6347268
378,6341809,馬年第3位2千萬元幸運兒！土城房仲新鮮人領錢再戰 刮出超級紅包,新北市土城區迎來春節最強財神爺，一名 20 多歲的房仲業新鮮人，在土城常生錢彩券行幸運刮中 2000 萬超級紅包頭獎。這名幸運兒最初連刮 3 張皆未如願，原本打算收手，但在老闆娘一句「會等你」的溫情喊話下，決定領錢再戰，沒想到回頭購,https://m.cnyes.com/news/id/6341809
379,6347645,韓國軍方揭露：美中戰機在黃海上空對峙,據《韓聯社》周五（20 日）報導，韓軍多名消息人士透露，駐韓美軍日前在黃海公海上空進行訓練期間，曾與中方戰機對峙。,https://m.cnyes.com/news/id/6347645
380,6347553,日本機器人大國保衛戰：從「硬體精度」轉向「物理 AI」的生存突圍,長期以來，機器人產業一直是日本的強項，1990 年代日本製造的機器人曾占據全球 80% 的市場份額。然而，隨著全球競爭重心從單純的硬體製造，轉向操控機器人的數據規模與人工智慧，日本企業的存在感正逐漸減弱。,https://m.cnyes.com/news/id/6347553
381,6347509,高殖利率吸金！外資1月狂掃日債6.04兆日元 規模創歷史次高紀錄,,https://m.cnyes.com/news/id/6347509
382,6347552,港股馬年首個交易日大盤下挫 但AI概念、機器人飆漲,港股周五 (20 日) 迎來農曆馬年首個交易日。儘管大盤整體承壓，恒生指數收盤下跌 1.1%，報 26413.35 點，恒生科技指數更重挫 2.91%，但市場中的人工智能應用及機器人概念股卻呈現爆發式增長，成為市場焦點。,https://m.cnyes.com/news/id/6347552
383,6347500,價格波動劇烈致央行購金速度放緩！高盛：暫時現象 大型新興國家央行配置仍低,,https://m.cnyes.com/news/id/6347500
384,6347511,Google正式發表Gemini 3.1 Pro 全面強化複雜任務處理能力,Google(GOOGL-US) 周四 (19 日) 透過官方部落格，突然宣布推出其最新的人工智慧核心模型 Gemini 3.1 Pro。這款模型被定位為處理最複雜任務的「智慧升級版」，象徵著 Google 在 AI 核心推理能,https://m.cnyes.com/news/id/6347511
385,6347506,最後通牒？川普給伊朗設定15天期限否則遭遇「不幸」布蘭特原油應聲漲破72美元,,https://m.cnyes.com/news/id/6347506
386,6347487,美伊關係緊繃！美國在中東集結伊拉克戰爭以來最大空中兵力,連日來美伊緊張局勢不斷升溫，美軍向中東大幅增兵，頻頻釋放要動手的信號。,https://m.cnyes.com/news/id/6347487
387,6347481,快訊！高市早苗：暫停徵收食品和飲料銷售稅兩年,日本首相高市早苗周五（20 日）在向國會發表的施政演說中表示，將在不依賴赤字融資債券的情況下，暫停徵收食品和飲料的銷售稅兩年。,https://m.cnyes.com/news/id/6347481
388,6347356,AI一天生成2億美元大片！德國工作室短片媲美好萊塢 評價兩極,德國一間創意工作室近日發布一部三分鐘的科幻短片，引發廣泛關注。該工作室稱，這支影片在視覺效果與規模上可媲美一部耗資 2 億美元的好萊塢製作電影，且完全由人工智慧 (AI) 在一天內生成。,https://m.cnyes.com/news/id/6347356
389,6347350,美最高法院即將裁決IEEPA權限 1300億美元與貿易權力懸而未決,"美國最高法院預計於美東時間周五 (20 日) 上午 10 時開庭，全球市場正高度屏息，關注一項可能對美國貿易政策產生震盪影響的裁決。此案名為「Learning Resources, Inc. 訴川普案」(Learning Reso",https://m.cnyes.com/news/id/6347350
390,6342894,〈觀察〉IC設計業者資源轉向 搶食雲端AI ASIC商機,隨著 AI 雲端資料中心與相關 ASIC 需求快速攀升，帶動 ASIC 市場規模持續擴大，台灣 IC 設計業者過往普遍在消費型電子領域，過去數年也加速將資源轉向 AI 與雲端運算領域布局，當中以聯發科 (2454-TW) 進度最為領先，不僅已成,https://m.cnyes.com/news/id/6342894
391,6345732,〈觀察〉AI 用電激增 電源廠「電源+能源基建」雙軌並進布局搶商機,〈觀察〉AI 用電激增 電源廠「電源 + 能源基建」雙軌並進布局搶商機,https://m.cnyes.com/news/id/6345732
392,6347312,三登中國春晚 宇樹科技訂單暴漲150% 目標年出貨兩萬台邁向IPO,2026 年中國馬年春晚中，人形機器人組成的「主角團」成為今年最吸睛的科技亮點。宇樹科技、銀河通用、松延動力及魔法原子等企業的機器人，在舞台上展示了從武術特技到家務處理的全方位能力，這股「科技風」也直接吹向消費市場。據統計,https://m.cnyes.com/news/id/6347312
393,6347427,知情人士：川普考慮對伊朗發動「有限規模」初步打擊,美國方面消息稱，美國總統川普正權衡對伊朗發動一次「有限規模」的初步軍事打擊，以迫使伊朗接受美國提出的核協議要求。,https://m.cnyes.com/news/id/6347427
394,6345098,〈馬年景氣展望〉關稅底定 藥華藥、保瑞及美時營運看增,我國談判團隊已與美國完成「台美對等貿易協定 (ART)」簽署，確立對等關稅調降至 15% 且不疊加。對於藥華藥 (6446-TW)、保瑞 (6472-TW) 及美時 (1795-TW) 等積極布局美國的藥廠，無疑是利多，今年營運看增。 ,https://m.cnyes.com/news/id/6345098
395,6347355,輝達的不敗神話或許終有盡頭？,然而，一小部分敏銳的觀察者卻看到了隱憂。他們認為，輝達為維持霸主地位所建構的複雜生態暗藏風險，即透過投資和融資安排「餵養」客戶，從而刺激並鎖定對其產品的需求。,https://m.cnyes.com/news/id/6347355
396,6347311,中國穩居ASML最大市場 自主化鏈條加速成形,儘管美國與荷蘭政府持續加強對先進半導體設備的出口管制，2025 年最新的財報數據卻呈現出令市場意外的結果—中國依然是 ASML 全球最大的買家。在極紫外光 (EUV) 與先進浸潤式深紫外光 (DUV) 曝光機 (光刻機) 遭到禁售的情況,https://m.cnyes.com/news/id/6347311
397,6341372,〈馬年景氣展望〉元月出口開紅盤！工具機迎「反轉年」 人形機器人零組件成新戰場,台灣工具機產業自 2025 年底陸續出現復甦跡象，隨著台美關稅敲定 15% 不疊加，加上 AI 應用落地、半導體擴廠需求，以及市場熱議的「人形機器人」題材，不少工具機廠商與公會看好今年景氣回溫，,https://m.cnyes.com/news/id/6341372
398,6347354,德銀報告：這五大產業最容易被AI顛覆,德意志銀行於 2 月 16 日發表題為〈人工智慧如何看待自身及對世界的影響〉(What AI says about AI eating itself and the world...) 報告，解析最容易受到 AI 顛覆的五大產業。,https://m.cnyes.com/news/id/6347354
399,6343919,〈馬年景氣展望〉筆電面臨成本通膨逆風 PC、板卡廠強攻AI伺服器與非PC應用突圍,全球筆電市場近期面臨嚴峻挑戰，研調機構 TrendForce 預估 2026 年首季全球筆電出貨量將季減 14.8%，全年出貨恐衰退 9.4%。儘管 PC 市況蒙塵，國內大廠華碩 (2357-TW)、宏碁 (2353-TW)、華,https://m.cnyes.com/news/id/6343919
400,6347388,UFO真相要揭曉？川普下令解密外星檔案,美國總統川普周四 (19 日) 表示，他將指示國防部長赫格塞斯 (Pete Hegseth) 及其他相關機構，開始辨識並公布與外星人及外星生命、不明空中現象 (UAP) 以及不明飛行物 (UFO) 相關的政府檔案。,https://m.cnyes.com/news/id/6347388
401,6343060,光通訊產業概述、最具爆發性成長潛力的五檔(二),,https://m.cnyes.com/news/id/6343060
402,6347313,從北京「減量」到廣深「疏解」 中國要求超特大城市告別規模擴張時代,中國在 1 月透過《求是》雜誌，發表了中央城市工作會議上的講話，其中有句話為未來中國頂級城市的發展指明了方向：「要推動超大特大城市『強身健體』，做強做精核心功能，控制超大城市規模，合理有序疏解非核心功能，打造高質量發展主引擎,https://m.cnyes.com/news/id/6347313
403,6347314,突破6G關鍵瓶頸 中國科學家首創「一體化融合通信」系統刷新三項世界紀錄,由中國北京大學電子學院王興軍教授團隊領銜，聯合鵬城實驗室、上海科技大學及國家信息光電子創新中心等科研團隊，在光通信與 6G 領域取得重大進展。該研究成功研發出「光纖—無線一體化融合通信系統」，有效解決了光纖通信與無線通信在信,https://m.cnyes.com/news/id/6347314
404,6337793,〈名人書單〉聲寶總裁陳盛沺暢談經營哲學 借鏡孫子兵法與蒙格智慧看透局勢,聲寶 (1604-TW) 集團總裁陳盛沺分享其個人閱讀書單及對當前地緣政治局勢的看法。他特別推崇《孫子兵法》與波克夏副董事長查理蒙格的著作，並透露已自掏腰包購入二十套《孫子兵法》分送給公司內部高層研讀，強調商場競爭如同兵法戰,https://m.cnyes.com/news/id/6337793
405,6347205,三星HBM4傳調漲三成 記憶體荒恐一路燒到2027年,,https://m.cnyes.com/news/id/6347205
406,6347359,日本通膨跌破日銀2%目標 2022年3月以來首見 ,據《CNBC》報導，日本 1 月整體通膨率降至 1.5%，為 2022 年 3 月以來最低水準。這項數據終結了通膨連續 45 個月高於日本銀行 (BoJ)2% 目標的紀錄。,https://m.cnyes.com/news/id/6347359
407,6342514,〈潛力股〉敬鵬擴泰國營運量能逐步到位有利業績向上,敬鵬 (2355-TW) 在泰國的舊廠完成整修陸續投產，而新廠也正式動工，同時，在汽車板之外，敬鵬在泰國的產能並朝向開發通訊與工業電子相關應用布局，敬鵬股價 2 月 11 日收在 38.35 元仍低於每股淨值 41.2 元。,https://m.cnyes.com/news/id/6342514
408,6347310,黃仁勳罕見逐桌敬酒 預告GTC 2026將推出「震驚世界」的新晶片,輝達 (NVDA-US) 執行長黃仁勳近期展開一系列罕見的戰略行動，不僅在公開場合預告即將推出劃時代的產品，更私下展現其對合作夥伴工程團隊的高度重視,https://m.cnyes.com/news/id/6347310
409,6347341,〈紐約匯市〉美元升至近一個月高點 Fed會議紀錄暗示可能升息,美元周四 (19 日) 上漲，在聯準會 (Fed) 會議紀錄暗示未來可能升息以對抗通膨後，美元升至接近一個月高點。,https://m.cnyes.com/news/id/6347341
410,6345217,高市早苗勝選後日股攻勢再起 鉅亨買基金：弱勢日圓反助企業獲利,「鉅亨買基金」總經理張榮仁表示，日本政府後續政策走向，將可能採取發債搭配央行調節利率的路徑，雖可能帶動日圓走弱，卻有助提升企業競爭力，整體仍偏多看待日股。,https://m.cnyes.com/news/id/6345217
411,6347340,〈美股盤後〉四大指數收低 私募股權股急挫 蘋果拖累標普,美國股市周四 (19 日) 收低，私募股權公司下跌，加上蘋果 (AAPL-US) 與沃爾瑪 (Walmart)(WMT-US) 走弱拖累大盤，受財報激勵的工業股上漲則抑制了跌幅。,https://m.cnyes.com/news/id/6347340
412,6347309,聯想在美遭集體訴訟 被控非法轉移大宗數據至中國,聯想集團 (00992-HK) 正於美國加州面臨一項重大的集體訴訟。由 Almeida 律師事務所代表原告 Spencer Christy 提出的訴狀指控，聯想違反了美國司法部 (DOJ) 於 2025 年 4 月實施的「大宗敏,https://m.cnyes.com/news/id/6347309
413,6347177,亞馬遜超車沃爾瑪登頂全球營收王 卻是一場「空洞勝利」,,https://m.cnyes.com/news/id/6347177
414,6347308,〈貴金屬盤後〉Fed鷹派立場與地緣政治風險拉扯 金價掙扎於5000美元下方,黃金現貨價格周四 (19 日) 橫盤整理，價格在 5000 美元大關下方持續掙扎。儘管金價在周三曾一度跳升 2.1% 並觸及 5021 美元的高點，但隨著強勢美元與聯準會鷹派立場的雙重夾擊，漲勢隨後受到抑制。,https://m.cnyes.com/news/id/6347308
415,6347307,〈能源盤後〉國際油價飆升至6個月高位 市場憂慮供應中斷,受軍事衝突風險及美國原油庫存意外大幅下降的雙重刺激，國際油價周四 (19 日) 延續漲勢，觸及半年以來新高。,https://m.cnyes.com/news/id/6347307
416,6346841,AI震盪下的避風港！Wedbush點名一領域「3大股」,在 AI 技術快速普及下，網路安全成為科技產業中兼具防禦與成長性的關鍵領域。Wedbush 指出，隨著攻擊頻率與風險升高，企業資安支出將持續攀升。Gartner 預估 2026 年全球 AI 資安支出達 510 億美元。分析師看好 Palo,https://m.cnyes.com/news/id/6346841
417,6347001,AI將終結軟體工程師！Anthropic Claude Code開發者：職稱恐成歷史,隨著 AI 快速進化，Anthropic 旗下 Claude Code 開發者 Boris Cherny 預測，2026 年人工智慧將全面改寫軟體產業，「軟體工程師」職稱恐逐步消失。AI 代理正重塑開發流程，工程師角色轉向產品規,https://m.cnyes.com/news/id/6347001
418,6347214,【袁志峰專欄】外圍股市做好，港股追落後,"今日推介 - 中國移動 (941, $78.4), 目標價 $86.0, 止損價 $75.5",https://m.cnyes.com/news/id/6347214
419,6347192,黃仁勳預告3月發布「前所未有」的晶片 強調AI泡沫不存在,,https://m.cnyes.com/news/id/6347192
420,6347176,美國去年貿易逆差衝上9015億美元 逼近1960年來高點,,https://m.cnyes.com/news/id/6347176
421,6347175,美初領失業金人數創3個月最大減幅 就業市場趨穩但隱憂浮現,,https://m.cnyes.com/news/id/6347175
422,6346842,美股恐續墊底？避險基金經理人放空美國、押注新興市場：溢價高達40%,億萬富豪避險基金經理人 Rob Citrone 表示已放空美股、做多全球市場，認為美國資產估值溢價高達 40%，且 AI 投資變現前景不明，恐持續落後新興市場。過去一年 S&amp;P 500 僅漲 11%，遠不及 iShares Co,https://m.cnyes.com/news/id/6346842
423,6347025,美對台軍售卡關原因曝！美官員：習近平施壓、川普避欲免影響4月初訪中行程,在習近平施壓與川普即將訪問北京的背景下，美國對台軍售案陷入停擺。白宮權衡貿易休兵與台海穩定，峰會前展開成果談判。台灣議題仍是美中關係核心摩擦焦點。,https://m.cnyes.com/news/id/6347025
424,6346919,蘋果與那指相關性創20年新低！AI熱潮下成「異類」？本益比30倍仍獲市場青睞,在 AI 熱潮引發科技股劇烈震盪之際，蘋果與那斯達克 100 指數相關性降至 2006 年來新低，成為市場「避風港」。儘管營收成長趨緩、本益比高達 30 倍，分析師仍認為蘋果在 AI 動盪中具防禦優,https://m.cnyes.com/news/id/6346919
425,6347015,批美眾議員AOC回應台灣問題「很丟臉」！范斯：她應先去讀書,美國副總統范斯抨擊歐加修 - 寇蒂茲在慕尼黑安全會議上對「若中國入侵台灣美國是否出兵」的回應「令人尷尬」，相關言論引發兩黨爭議，也讓 2028 總統潛在人選的外交立場備受關注。,https://m.cnyes.com/news/id/6347015
426,6347074,行為不端！英國國王弟弟安德魯被捕,據《BCC》報導，英國國王查爾斯三世的弟弟安德魯周四（19 日）因涉嫌擔任公職期間行為不端被警方逮捕。,https://m.cnyes.com/news/id/6347074
427,6346867,WEF 2026全球風險報告出爐！地緣經濟對抗登頂、AI與氣候危機成未來十年最大隱憂,世界經濟論壇發布《2026 全球風險報告》，指出地緣經濟對抗成當前最大風險，經濟衰退與通膨壓力升溫，AI 技術失控與極端氣候將成未來十年關鍵威脅。報告示警全球正面臨短期動盪與長期危機交織的雙重挑戰。,https://m.cnyes.com/news/id/6346867
428,6347002,OpenAI募資預計破千億美元、估值上看8500億！亞馬遜、軟銀、輝達、微軟齊押注,全球 AI 龍頭 OpenAI 傳出完成新一輪募資首階段，金額上看 1000 億美元，整體估值恐突破 8500 億美元。亞馬遜、軟銀、輝達與微軟成主要策略投資人，資金將投入 AI 基礎設施與雲端布局，創科技史上最大融資案之一。,https://m.cnyes.com/news/id/6347002
429,6347006,南韓前總統戒嚴風波落幕！尹錫悅內亂罪成立判無期徒刑,南韓前總統尹錫悅因 2024 年宣布戒嚴引發政治危機，遭法院判定內亂罪成立並判處無期徒刑。此案被視為檢驗南韓民主體制的重要審判，尹錫悅仍可提出上訴。,https://m.cnyes.com/news/id/6347006
430,6346936,AI資料中心需求爆發！村田製作所擬調漲高階MLCC：需求是產能兩倍,在 AI 基礎建設投資熱潮推動下，全球最大 MLCC 供應商村田製作所評估調漲高階電容價格。受惠於 AI 伺服器需求激增與輝達、AMD 新架構帶動，先進 MLCC 供應恐持續吃緊至 2026 年，市占率高達 70% 的村田成為關鍵受惠者。,https://m.cnyes.com/news/id/6346936
431,6346932,美國AI「壟斷神話」破功？分析師警告：中國「技術衝擊」才剛開始,美國在人工智慧領域的絕對主導地位，正受到前所未有的挑戰。TS Lombard 首席中國經濟學家兼亞洲研究主管 Rory Green 近日在 CNBC 的採訪中直言，美國對科技與 AI 的「被感知的壟斷」已經被中國打破，並警告,https://m.cnyes.com/news/id/6346932
432,6346923,科技股領銜衝鋒！南韓KOSPI指數首度破5600點 創歷史新高,"在春節長假結束後的首個交易日，南韓股市展現強勁爆發力。基準 KOSPI 指數周四 (19 日) 大漲逾 2%，至 5,642.37 點，這是南韓基準指數歷史上首次站上 5,600 點大關。 受到美股科技股隔夜反彈的激勵，南韓股市今年以來的累",https://m.cnyes.com/news/id/6346923
433,6346861,AI超級週期引爆！日經：五大半導體設備廠2026營收重返雙位數成長、訂單能見度看至2027,《日經亞洲》指出，受 AI 晶片擴產與先進製程投資推升，ASML、應用材料、科林研發等全球設備大廠 2026 年營收可望雙位數成長。2025-2027 年晶圓廠設備支出達 1560 億美元，美國成投資新重心，中國成熟製程需求穩健。,https://m.cnyes.com/news/id/6346861
434,6346967,2026中國春晚機器人表演 背後四家領軍企業定義「中國智造」,2026 年馬年春晚落下帷幕，一場名為《武 BOT》的武術節目成為焦點。這場被譽為「史上機器人濃度最高」的表演，交出了目前中國具身智能領域的硬核「科技答卷」。陸媒報導稱，本次節目背後，是 4 家中國機器人領軍企業的實力展現。,https://m.cnyes.com/news/id/6346967
435,6346860,Claude Opus 4.6逼近ASL-4安全門檻！Anthropic示警：AI自我逃逸恐引發全球失控危機,美國 AI 公司 Anthropic 發布《Sabotage Risk Report: Claude Opus 4.6》，警告其最新模型已逼近 ASL-4 安全門檻，可能出現自主逃逸與系統破壞風險。儘管目前風險低但不為零，AI 能,https://m.cnyes.com/news/id/6346860
436,6346815,美股2026年開局乏力 創1995年以來相對於全球市場最差表現,隨著 2026 年第一季度的展開，長期以來被視為全球經濟引擎的美國股市正陷入掙扎。根據高盛的最新數據，美股正經歷自 1995 年以來相對於全球市場表現最差的開局。,https://m.cnyes.com/news/id/6346815
437,6346840,Meta首款AI智慧手錶要來了！「Malibu 2」主打健康追蹤＋AI助理,社群巨頭 Meta 傳出將於今年推出首款 AI 智慧手錶「Malibu 2」，主打健康追蹤與內建 Meta AI 助理。隨著 AI 智慧眼鏡熱銷、AR 與 MR 裝置布局加速，Meta 正全面重啟穿戴式裝置戰略。,https://m.cnyes.com/news/id/6346840
438,6346814,蘋果股票成資金「避風港」！AI資本開支飆升、美股七巨頭股價承壓,"在 AI 資本支出激增、華爾街憂心投資回報之際，蘋果 (AAPL-US) 成為資金避風港。過去一年股價上漲 7.9%，表現優於微軟、亞馬遜與 Meta。隨著科技巨頭合計資本開支高達 6,500 億美元，市場關注蘋果低開支策略與 AI 合作布",https://m.cnyes.com/news/id/6346814
439,6342369,〈觀察〉三大關鍵因素助攻 成熟製程價格迎反彈,成熟製程產業歷經兩年修正後，市場近期明顯回溫，業界觀察指出，本波成熟製程走出谷底，背後有三大關鍵因素推動，包括某種程度的產能排擠效應、終端需求回溫，以及 AI 帶動電源應用放量，在三大關鍵因素匯聚下，產業結構正逐步好轉。,https://m.cnyes.com/news/id/6342369
440,6346922,美媒：美軍最快周末空襲伊朗 但川普尚未做最終決定,根據《CNN》等美媒報導，美軍已做好最快於本周末對伊朗發動軍事打擊的準備。雖然美國總統川普尚未做出最終授權決定，但白宮已獲悉，隨著近日中東地區海空軍力的顯著集結，美軍隨時可以行動。,https://m.cnyes.com/news/id/6346922
441,6346812,中國人形機器人震撼春晚！英媒齊驚呼「智慧革命來了」,數十台中國人形機器人登上春晚舞台，高難度翻跟頭、醉拳動作全程零失誤，引發《衛報》《經濟學人》等英媒震撼報導。宇樹科技展示多機協同與自主起身技術，摩根士丹利預測 2026 年銷量翻倍，馬斯克更直言中國是特斯拉 Optimus 最大,https://m.cnyes.com/news/id/6346812
442,6221336,記憶體推升成本 通訊行估2026年台灣手機均價漲3％ 品牌忠誠度面臨考驗,邁入 2026 年全球經濟與科技產業面臨轉型，受高階晶片與記憶體成本持續攀升影響，全台最大連鎖通訊門市傑昇通信預估今年智慧型手機平均售價將調升約百分之三 。這股由供應鏈轉嫁的成本壓力正直接衝擊終端市場，導致台灣智慧型手機,https://m.cnyes.com/news/id/6221336
443,6346791,陸媒：蘋果傳將長江存儲與長鑫存儲納入核心供應體系,根據中國科技產業媒體《快科技》報導，蘋果 (AAPL-US) 正考慮與中國半導體廠商長江存儲及長鑫存儲展開合作洽談。此舉旨在為即將推出的 iPhone 18 系列以及包含 MacBook 在內的 Mac 電腦產品線，尋求更穩,https://m.cnyes.com/news/id/6346791
444,6345023,〈馬年景氣展望〉液冷散熱趨勢已定 奇鋐、雙鴻及健策大啖商機,輝達新一代平台 Vera Rubin 預計今年下半年推出，原先 GB300 採用液冷與氣冷散熱併行，而 Vera Rubin 將採全液冷散熱，液冷散熱儼然成為主流趨勢。散熱廠奇鋐、雙鴻及健策可望大啖液冷散熱商機。,https://m.cnyes.com/news/id/6345023
445,6346813,加密貨幣避險神話破滅？巴隆：量化緊縮＋AI吸金潮重擊比特幣,在全球流動性收緊與 AI 基礎建設吸金效應下，黃金白銀價格走高，加密貨幣卻持續下跌。2025 年比特幣與以太坊錄得負報酬，市值蒸發 1.3 兆美元。《巴隆周刊》指出，資金正從虛擬資產轉向實體資產，量子運算與政治紅利退潮更為市場增添,https://m.cnyes.com/news/id/6346813
446,6343665,〈AFTEE總座專訪〉「瘋狂科學家」山崎竜彗在台八年的修煉 用技術重新定義BNPL,成立 26 年的日本 BNPL 領導品牌 Net Protections，2021 年於日本東京證交所風光掛牌上市，而進軍台灣 8 年的子公司 AFTEE 今年也迎來一位「技術宅」新任總經理—山崎 竜彗，他從僅有 3 人,https://m.cnyes.com/news/id/6343665
447,6343677,〈AFTEE總座專訪〉97%高通過率+AI風控的底氣 「擴張場景」成上任首要任務,AFTEE 先享後付進軍台灣市場 8 年，角元友樹今年榮升董事長，總座一職交棒給山崎竜彗，集團賦予的首要任務就是「擴大使用場景」，他認為，台灣 BNPL 市場要從開拓期邁向成熟期，尚需 2 至 3 年的時間，,https://m.cnyes.com/news/id/6343677
448,6346790,中國2026春節百億人民幣AI大戰 豆包逆襲笑到最後,2026 年春節，中國 AI 應用賽道競爭進入白熱化。根據最新數據，字節跳動旗下的 豆包 App 在蘋果 App Store 的排名已反超阿里系的千問與螞蟻阿福，成功登頂第一。,https://m.cnyes.com/news/id/6346790
449,6336805,〈名人書單〉廣運成立兩班讀書會 謝明凱推《關鍵決勝力》 並獲啟發,正式接任繼電器廠松川精密 (7788-TW) 總經理的吳頌仁及廣運 (6125-TW) 董事長謝明凱，則分別在訪問中推薦《生存之道》及由大聯大 (3702-TW) 永續長曾國棟所著的《關鍵決勝力》。,https://m.cnyes.com/news/id/6336805
450,6345437,〈名人書單〉新漢林茂昌二刷《資治通鑑》歷史智慧可避開致命錯誤,〈名人書單〉新漢林茂昌二刷《資治通鑑》歷史智慧可避開致命錯誤,https://m.cnyes.com/news/id/6345437
451,6346859,巴菲特卸任前最後布局！波克夏重押紐約時報的背後深意,「股神」Warren Buffett 卸任前最後一季，波克夏買進紐約時報約 510 萬股，市值 3.52 億美元。這筆投資不僅象徵巴菲特與報業的深厚淵源，也,https://m.cnyes.com/news/id/6346859
452,6343042,光通訊產業概述、最具爆發性成長潛力的五檔(一),,https://m.cnyes.com/news/id/6343042
453,6346843,哈塞特怒轟聯準會報告「最糟研究」、要求懲處作者！川普關稅成本90%由美國人埋單？,川普經濟顧問哈塞特批評 Fed 紐約分行報告，稱其研究指 90% 關稅成本由美國企業與消費者承擔的結論「令人羞恥」，並要求懲處作者。事件引發聯準會獨立性爭議，鮑爾、庫克調查與華許提名也成焦點。,https://m.cnyes.com/news/id/6346843
454,6345615,金馬年淘金尋找下一個熱門族群 分析師：創新板小而美具潛力,分析師點名，隨著 Fed 央行降息及貨幣寬鬆政策下，展望 2026 金馬年仍有高點可期，類股部分，投資人可留意創新版公司，在新春開盤，有望在資金、題材持續簇擁下，有望成為漲勢領頭羊。,https://m.cnyes.com/news/id/6345615
455,6346850,Google再掀AI戰火：Gemini音樂模型上線 一句話生成歌曲,Google 周三（18 日）在官網博客中宣布，Gemini 應用已配備旗下最先進音樂生成模型 Lyria 3，用戶可使用文本或圖像製作 30 秒音樂片段。,https://m.cnyes.com/news/id/6346850
456,6346811,〈貴金屬盤後〉金價強彈逾2%  Fed紀要暗示恐升息 美伊、俄烏局勢牽動「地緣政治溢價」,儘管聯準會（Fed）1 月會議紀要顯示暫停降息、甚至不排除未來升息，金價仍反彈逾 2%，站回每盎司 4977 美元。市場同時關注美伊談判與俄烏局勢進展，分析師指出，若地緣政治風險降溫，黃金「地緣政治溢價」恐進一步消退。,https://m.cnyes.com/news/id/6346811
457,6344133,〈馬年景氣展望〉NB及手機需求都可能下滑 光學元件產業看好機器人及無人機應用,由於記憶體缺貨且交易價格不斷向飆漲，市場一直擔心會對包括筆記型電腦及手機資通訊電子產品 2026 年銷售造成影響，研調機構也提出銷售的警訊，相對光學元件產業在應用於兩項資通訊產品的族群形成市場的干擾因素。,https://m.cnyes.com/news/id/6344133
458,6343360,旅平險+海外醫療成出國「標配」 班機延誤4小時即賠6000元超有感,農曆春節 9 天連假引發全民出國熱潮，2/14 桃園機場便湧現近 17 萬人次擠爆航廈，多數旅客目標直指日本，但日韓地區感冒與流感疫情升溫，保險業者提醒，出國天數長，民眾應優先確認旅平險是否包含「海外突發疾病醫療」，建議要含住院、,https://m.cnyes.com/news/id/6343360
459,6346810,〈美股盤後〉AI疑慮降溫美股反彈 那指漲近1%  費半走強、科技七巨頭回神,市場對 AI 顛覆疑慮降溫，美股週三全面反彈，那斯達克漲 0.78%、標普 500 升 0.56%、費城半導體指數上漲近 1%。科技七巨頭走強，資金轉向選股行情。沃爾瑪財報、美伊局勢與油金走勢成市場焦點，華爾街解析 AI 輪動與 2026 年,https://m.cnyes.com/news/id/6346810
460,6346789,〈紐約匯市〉聯準會會議紀要顯露彈性立場 助美元指數攀升至一周高位,在美國聯準會公布 1 月貨幣政策會議紀錄後，美元展現強勁走勢，美元指數攀升至 97.70 附近，創下近一周以來的高點。,https://m.cnyes.com/news/id/6346789
461,6346788,〈能源盤後〉美伊與俄烏局勢膠著 國際油價創10月以來最大單日漲幅,受全球地緣政治局勢高度緊張影響，國際原油價格周三 (18 日) 錄得自去年 10 月以來的最大單日漲幅。交易員正嚴密權衡美伊衝突的潛在風險，以及俄烏談判陷入僵局對全球能源供應的衝擊。,https://m.cnyes.com/news/id/6346788
462,6346787,FOMC會議紀要：內部分歧加大 官員不排除通膨回升時重啟升息,聯邦公開市場委員會 (FOMC) 周三 (18 日) 公布 1 月貨幣政策會議紀要，紀錄顯示，雖然絕大多數官員支持維持利率穩定，但內部對於未來的政策路徑存在明顯分歧。,https://m.cnyes.com/news/id/6346787
463,6346638,中國訪日遊客數量 1月銳減60.7%,,https://m.cnyes.com/news/id/6346638
464,6346567,日本內閣官房長官：上一屆高市內閣全體閣僚將留任,日本內閣官房長官木原稔周三（18 日）在記者會上宣布，第二屆高市早苗內閣中，上一屆內閣全體閣僚將留任。,https://m.cnyes.com/news/id/6346567
465,6345746,AI時代最不能忽視什麼？Anthropic總裁：人文學科,Anthropic 總裁 Daniela Amodei 近日受訪表示，隨著人工智慧 (AI) 快速進化，人文學科的重要性正被重新凸顯，甚至「比以往任何時候都更重要」。,https://m.cnyes.com/news/id/6345746
466,6346534,確定了！高市早苗再度當選日本首相,日本自民黨總裁高市早苗周三（18 日）經國會眾議院和參議院首相指名選舉當選第 105 任首相。,https://m.cnyes.com/news/id/6346534
467,6346351,散戶機會來了！可透過新基金投資SpaceX與Anthropic,Powerlaw (Powerlaw 公司) 計劃在紐約直接上市，讓散戶投資人也能透過公開市場參與 OpenAI、SpaceX、Anthropic 與 Anduril 等知名未上市企業的成長機會。,https://m.cnyes.com/news/id/6346351
468,6346430,輝達出清剩餘Arm持股 為無緣收購畫下句點,《彭博》報導指出，輝達已出售手中最後一批 Arm 持股，正式退出這家晶片技術公司的股東行列。,https://m.cnyes.com/news/id/6346430
469,6346352,洛杉磯港1月貨量年減12% 對陸外銷黃豆大減成主因,美國最大港口洛杉磯港 (Port of Los Angeles) 公布最新數據顯示，今年 1 月整體貨櫃處理量年減約 12%，創下近三年來最低單月表現,https://m.cnyes.com/news/id/6346352
470,6346364,軟體股賣壓後受惠者？分析師點名3檔資安股迎「AI大順風」,據《Yahoo Finance》報導，在 AI 驅動的軟體股拋售潮中，資安類股於 2026 年表現低迷。不過，Wedbush 分析師 Dan Ives 認為，這反而可能創造買進機會。,https://m.cnyes.com/news/id/6346364
471,6345740,美股多頭不安 多重風險訊號同步升溫,美股近期震盪加劇，引發投資人不安。《MarketWatch》指出，即使標普 500 指數距離歷史高點不遠，但那斯達克已連續 5 週收黑，創 2022 年以來最長週線跌勢，市場風險訊號正在升溫。,https://m.cnyes.com/news/id/6345740
472,6346157,日本衛浴巨頭TOTO竟成為AI供應鏈「隱形贏家」,英國維權投資基金 Palliser Capital 近日押注日本衛浴巨頭 TOTO，認為這家以免治馬桶聞名的傳統製造商，正悄悄成為 AI 晶片供應鏈中的「隱形贏家」，股價仍有超過 55% 的上漲空間。,https://m.cnyes.com/news/id/6346157
473,6346306,〈春節何處去〉馬上來走春！6條最新「北北基地質漫遊」秘境曝光 山河海一次擁有,經濟部地質調查及礦業管理中心（下稱地礦中心）於農曆新年前夕發布地質賞析之旅最新系列《北北基生活圈──登上大屯火山．從新角度遊山河海》，針對北北基地區量身打造 6 條主題路線，涵蓋陽明山與觀音山火山、岬灣海岸、南勢溪及基隆河上,https://m.cnyes.com/news/id/6346306
474,6346361,被AI嚇跌後轉向結盟 Infosys宣布攜手Anthropic,據《MarketWatch》報導，Infosys(INFY-US)似乎採取了「打不過就加入」策略，宣布與人工智慧 (AI) 研究公司 Anthropic 合作，協助為客戶部署 AI 代理(AI agents)。,https://m.cnyes.com/news/id/6346361
475,6341901,刮刮樂還有8個2000萬頭獎！財神送錢吉兆刮中1200萬 兄妹檔跟風刮走百萬,全台彩迷注意，目前 2000 萬超級紅包仍有 8 個頭獎尚未現蹤，而 1200 萬大吉利也還有 5 個頭獎機會。近期好運連發，不僅有兄妹檔在直擊他人中獎後，受氣氛感染集資刮中 100 萬元，更有高雄男子因店內財神爺裝飾卡掉落視為吉兆，果真幸,https://m.cnyes.com/news/id/6341901
476,6342304,台積電今年股息24元起跳 股東人數衝破198萬名,台積電 (2330-TW) 日前公布去年第四季每股將配發 6 元現金股利，並預計在今年 6 月 11 日除息，若以台積電過往配息政策穩健增加的路線來看，今年台積電股民每股可領到的現金股利將至少 24 元起跳。,https://m.cnyes.com/news/id/6342304
477,6346383,〈美股13F報告〉傳奇投資人泰珀加碼美光Meta 減持阿里巴巴Whirlpool,傳奇投資人 David Tepper 2025 年第四季 13F 持股申報顯示，他在當季加碼美光與 Meta，同時減碼阿里巴巴與 Whirlpool。,https://m.cnyes.com/news/id/6346383
478,6346422,特斯拉首輛Cybercab下線！沒有方向盤、踏板,特斯拉為自動駕駛計程車服務專門設計的無人駕駛車 Cybercab 已在美國德州超級工廠下線，這款雙門車完全沒有方向盤和踏板，象徵特斯拉在全自動駕駛領域邁出關鍵一步，但其商業化前景仍取決於監管審批進度。,https://m.cnyes.com/news/id/6346422
479,6344756,〈觀察〉電信三雄多角化布局 攻影視商機,電信三雄中華電信 (2412-TW)、台灣大 (3045-TW) 及遠傳 (4904-TW) 除在核心電信業務上表現穩健，也進行多角化布局，紛紛搶攻影視商機。 ,https://m.cnyes.com/news/id/6344756
480,6346378,「這個動作是真正的變盤訊號！」美銀王牌分析師最新示警,在距離美國中期選舉還有 9 個月之際，美銀王牌分析師 Michael Hartnett 在 2 月 15 日最新發布的〈Flow Show〉報告中，將他對市場的警告提升到了一個新的層級。,https://m.cnyes.com/news/id/6346378
481,6346423,美國軍事打擊以來 首個歐洲商業航班抵達委內瑞拉,委內瑞拉首都加拉加斯附近的邁克蒂亞西蒙 · 玻利瓦爾國際機場周二（17 日）顯示，西班牙歐羅巴航空公司一架飛機在當日 21 時許降落，這是自美國今年 1 月對委內瑞拉發動大規模軍事打擊以來首架抵委的歐洲商業航班。,https://m.cnyes.com/news/id/6346423
482,6346368,亞馬遜終止連九跌 此前市值蒸發超過4500億美元,"亞馬遜 (AMZN-US) 週二股價收漲逾 1%，結束連續 9 個交易日下跌走勢，終止一波罕見的長期回檔。此前 9 天跌勢讓亞馬遜市值蒸發超過 4,500 億美元，投資人對公司大幅提高 AI 資本支出的計畫感到憂心，成為",https://m.cnyes.com/news/id/6346368
483,6342882,2026~2027最有機會出現爆發性報酬的三檔股票,,https://m.cnyes.com/news/id/6342882
484,6346411,YouTube初二遭遇全球大規模當機災情,大年初二，YouTube 上午就發生全球性大規模故障，導致不少用戶無法正常觀看影片。,https://m.cnyes.com/news/id/6346411
485,6345384,新任聯準會主席提名掀金融震盪 基金專家：黃金長線仍看多,前聯準會 (Fed) 理事「鷹派代表」的華許獲提名為下任聯準會主席後，金融市場掀起劇烈震盪。華許過去重視通膨控制、講求財政紀律，這與美國川普偏好弱勢美元、低利率環境的政策目標存在落差，貴金屬與加密貨幣全面進入重新訂價。,https://m.cnyes.com/news/id/6345384
486,6346359,10年期美債逼近4% 透露市場對AI有多焦慮？,美股標普 500 指數周二 (17 日) 收盤距離 1 月底創下的歷史收盤高點僅約 1.9%，此前經歷一段明顯跌勢後，午盤在科技股反彈帶動下走高。,https://m.cnyes.com/news/id/6346359
487,6344958,易經解盤2026 陶文：買股不買市成主旋律 點名三大布局方向,以易經卦象解析市場走勢的財經專家陶文指出，【良為山】是 2026 年台股投資求財卦象，整體格局呈現「高檔震盪、個股表現分化」的結構，,https://m.cnyes.com/news/id/6344958
488,6346349,〈美股13F報告〉巴菲特掌舵波克夏最後一季 減碼蘋果 首買《紐約時報》,波克夏 · 海瑟威最新 13F 文件顯示，該公司在 2025 年第四季再度減碼蘋果 (AAPL-US) 持股，並首度建立《紐約時報》 (NYT-US) 新部位。這也是巴菲特卸任執行長前，最後一季的投資調整。,https://m.cnyes.com/news/id/6346349
489,6346350,川普政府宣布日本首波360億美元投資美國計畫,美國總統川普政府週二 (17 日) 宣布三項總值 360 億美元的重大投資計畫，將由日本提供資金，涵蓋能源與先進製造領域,https://m.cnyes.com/news/id/6346350
490,6346387,Sandisk盤後跌逾2% 威騰電子計劃出售持股,據《MarketWatch》報導，威騰電子 (Western Digital)(WDC-US) 正尋求透過出售約一年前分拆的 Sandisk(SNDK-US)持股來變現。消息公布後，Sandisk 股價在周二盤後交易下跌逾 2%。,https://m.cnyes.com/news/id/6346387
491,6346391,高市早苗今將連任首相 估第二屆內閣原班人馬上路,日本第 221 屆特別國會今 (18) 日召集，首相高市早苗預計將在眾參兩院的首相指名選舉中，再度當選首相，並於同日正式成立「第二屆高市內閣」，全體閣僚預料都會留任。,https://m.cnyes.com/news/id/6346391
492,6345459,〈馬年景氣展望〉落地應用成AI發展關鍵 工業電腦看好邊緣AI迎爆發年,落地應用成 AI 發展關鍵 工業電腦看好邊緣 AI 迎爆發年,https://m.cnyes.com/news/id/6345459
493,6345396,美期中選舉倒數 基金專家：2026多元配置穩中求勝,"美國期中選舉進入倒數，川普政府為鞏固民調全力衝刺經濟，推動「大而美法案」（OBBBA）減稅措施箭在弦上，所帶來紅利包括提高標準扣除額、增加兒童抵免、新增老年人扣除額 6,000 美元或青睞。",https://m.cnyes.com/news/id/6345396
494,6346379,春晚最熱場面！宇樹機器人「以武會春」空翻3公尺刷新全球紀錄,2026 年中國央視春晚，最讓人眼前一亮的不是歌舞盛宴，而是一群「iRON Man」驚人登場。宇樹機器人組團現身「舞 BOT」節目就是當晚絕對的「頂流」，直接洗版全網，成為春晚最熱的 AI 名場面。,https://m.cnyes.com/news/id/6346379
495,6346371,蘋果加速布局AI穿戴：智慧眼鏡、吊墜裝置、AirPods同步推進,蘋果正研發三款全新的 AI 穿戴裝置，涵蓋智慧眼鏡、吊墜式 AI 裝置，以及具備 AI 功能的 AirPods。報導稱，這三項產品都將與 iPhone 連動，以 Siri 為核心打造，並搭載相機系統，凸顯蘋果正在加速布局,https://m.cnyes.com/news/id/6346371
496,6346356,〈紐約匯市〉關鍵數據公布前 美元小漲,美元周二 (17 日) 上漲，投資人結束長周末後回到市場，準備迎接更多關鍵經濟數據。,https://m.cnyes.com/news/id/6346356
497,6346362,美伊重啟第二輪核談判 10年期美債殖利率測試4%關口,美國 10 年期公債殖利率週二 (17 日) 回落並逼近 4%，反映市場在 AI 顛覆疑慮升溫之際，資金正重新流向防禦型資產。,https://m.cnyes.com/news/id/6346362
498,6345747,美股正上演「AI驚嚇交易」白領工作末日論升溫,美股近期出現一波由人工智慧 (AI) 恐懼驅動的拋售潮，市場開始反映「AI 可能顛覆白領工作」的末日想像，使得賣壓從企業軟體一路擴散至保險經紀、財富管理、商用不動產，甚至貨運物流等傳統產業。,https://m.cnyes.com/news/id/6345747
499,6346345,輝達Meta擴大GPU合作 將追加數百萬顆AI晶片,輝達 (NVDA-US) 週二 (17 日) 宣布，已與 Meta Platforms (META-US) 簽署一項多年期合作協議，將向 Meta 供應數百萬顆現有與未來的人工智慧 (AI) 晶片，產品範圍不僅涵蓋 AI,https://m.cnyes.com/news/id/6346345
500,6346335,〈美股盤後〉蘋果勁揚超3% 軟體股續跌 道瓊標普近乎持平,美股週二 (17 日) 在震盪交投中小幅收高，投資人持續消化近幾週籠罩市場的 AI 相關不安情緒。科技股比重較高的那斯達克綜合指數盤中一度大跌，但尾盤翻紅，終場上漲 0.1%；標普 500 指數同樣小漲 0.1%；道瓊工業,https://m.cnyes.com/news/id/6346335
501,6346336,〈能源盤後〉美伊談判影響 油價下滑2%至兩週低點,國價油價週二 (17 日) 下跌，主因伊朗表示與美國核談判取得進展，市場對中東衝突風險的擔憂降溫，帶動原油價格回落。,https://m.cnyes.com/news/id/6346336
502,6346220,鉅亨速報 - Factset 最新調查：美光科技MU-US的目標價調升至417.5元，幅度約3.09%,FactSet 最新調查：美光科技MU-US目標價調升，最高估值、最低估值、中位數、綜合評級、近5日股價、標普、即時新聞資訊,https://m.cnyes.com/news/id/6346220
503,6346172,Netflix放行7天 華納兄弟與派拉蒙重啟談判,多家外媒週二 (16 日) 報導，華納兄弟探索 (Warner Bros. Discovery) 在獲 Netflix 授予 7 天豁免期後，正考慮重啟與派拉蒙天舞 (Paramount Skydance) 的交易談判。,https://m.cnyes.com/news/id/6346172
504,6345748,投資人如何面對AI恐慌？先賣再說 之後再問問題,華爾街分析師指出，AI 顛覆帶來的波動已逐漸成為市場常態，未來恐反覆上演。,https://m.cnyes.com/news/id/6345748
505,6346150,伊朗軍事演習 關閉荷莫茲海峽數小時,伊朗在與美國會談前，伊朗週二 (17 日) 宣布，作為「荷莫茲海峽智慧控制演習」的一部分，荷莫茲海峽部分海域將短暫關閉數小時，以確保航行安全。相關消息指出，此舉屬於軍演安排的一環，並非永久性封鎖。,https://m.cnyes.com/news/id/6346150
506,6346022,特斯拉FSD轉向訂閱制 加速布局「自動駕駛即服務」新模式,特斯拉已在多個主要市場逐步取消一次性買斷方案，改以月費訂閱制提供 FSD 服務,https://m.cnyes.com/news/id/6346022
507,6344401,從「個人擔保」到「全身而退」：軟銀孫正義的OpenAI投資 秀了一把金融魔術,,https://m.cnyes.com/news/id/6344401
508,6345907,AI拋售潮彷彿重現新冠疫情恐慌 大摩點名抗跌族群,《巴隆周刊》週一 (16 日) 報導，歐洲股市近期表現雖略優於美股，但市場對人工智慧 (AI) 衝擊產業的焦慮正在升溫，摩根士丹利分析師形容，這種情緒轉變與 COVID 新冠疫情初期市場心理變化有相似之處。,https://m.cnyes.com/news/id/6345907
509,6345964,機器人春晚引爆熱議！AI濃度比論文還高 拆解背後中台科技角力,,https://m.cnyes.com/news/id/6345964
510,6345744,高盛：黃金大漲不代表「大宗商品超級循環」已到來,《Businessinsider》報導，高盛表示，黃金近期強勢上漲並不代表「大宗商品超級循環」已經到來，因為支撐金價的核心因素主要來自央行買盤、聯準會 (Fed) 降息，以及選擇權市場資金推動，與其他可因高價而快速擴產的,https://m.cnyes.com/news/id/6345744
511,6345991,對沖需求升溫！美元看空情緒飆10年新高 華爾街喊還會再跌,,https://m.cnyes.com/news/id/6345991
512,6345745,加密寒冬更刺骨？比特幣可能下探至31000美元,"Ned Davis Research(NDR) 警告，比特幣跌勢可能尚未結束。該機構指出，若目前的熊市進一步惡化並演變為全面性的「比特幣寒冬」，比特幣價格最深可能下探至 31,000 美元",https://m.cnyes.com/news/id/6345745
513,6345797,達里歐：戰後世界秩序已瓦解 投資人應「賣債券 買黃金」,避險基金傳奇人物達里歐警告，地緣政治正朝「大國衝突」方向發展，投資人應提前為全球權力對抗升溫做好準備。他所設想的情境中，投資人應該「賣掉所有債券，買進黃金」。,https://m.cnyes.com/news/id/6345797
514,6337122,〈馬年景氣展望〉台頻率元件產業競爭力強 AI及網通大增新成長力,台系頻率元件廠在全球以 Seiko Epson、NDK、KCD、KDS 等日系廠商的強敵環伺、且在中國大陸紅色供應鏈的價格破壞下，仍展露強大競爭力，業者看好在 2026 年 AI 生態系及車用電子應用的成長。,https://m.cnyes.com/news/id/6337122
515,6345951,薪資未定難拍板 日銀升息時點轉向4月底,,https://m.cnyes.com/news/id/6345951
516,6345741,蘋果3月4日舉行發表會 全新MacBook、iPhone 17e或即將揭曉,《Appleinsider》報導，蘋果預計最快在 2 月底前推出 iPhone 17e，若時程稍微往後推，也可能落在 3 月初。,https://m.cnyes.com/news/id/6345741
517,6343508,決戰旗艦市場 2026年最適合商務菁英智慧型手機出爐,農曆新年期間正好是新舊機轉換的分水嶺，全台最大連鎖通訊門市傑昇通信表示，每年手機品牌都會趕在春節前夕發表新機，祭出禮包或舊換新回饋，搶攻春節連假換機潮；另一方面，恰好也是舊機價格最實惠之時，尤其所有品牌一同促銷，此時擁有,https://m.cnyes.com/news/id/6343508
518,6345974,川普將間接參與核談判 呼籲伊朗理性一點,,https://m.cnyes.com/news/id/6345974
519,6343186,MSCI加持！台股「護國神山群」迎金馬行情 0050擁主場優勢一起飛,MSCI 明晟公司於農曆年前公布最新季調結果，雖台股在 MSCI 全球新興市場指數、亞洲 (日本除外) 指數權重雙雙下滑，但在全球標準型指數 (MSCI ACWI) 權重由 2.40% 上調至 2.41%，外資須在 2 月 2,https://m.cnyes.com/news/id/6343186
520,6342858,PCB / CCL從「配角」推成「決定效能的核心材料」…評價分析,,https://m.cnyes.com/news/id/6342858
521,6345975,除夕！美國國務卿魯比歐發表農曆新年祝福,2 月 16 日農曆除夕，美國國務院發布國務卿魯比歐農曆新年祝福。,https://m.cnyes.com/news/id/6345975
522,6345963,川普透露正與習近平磋商 對台軍售「很快有決定」,,https://m.cnyes.com/news/id/6345963
523,6345742,傳蘋果正測試另一款「貝殼式」摺疊 iPhone,蘋果首款摺疊 iPhone 傳出將採「書本式」設計之際，最新爆料指出，蘋果也正在同步測試另一款「貝殼式」摺疊 iPhone，未來可能與書本式摺疊機一同布局，但目前仍未確定是否會進入量產階段。,https://m.cnyes.com/news/id/6345742
524,6339028,〈馬年景氣展望〉AI熱潮引爆全球半導體大擴產 廠務工程滿手訂單,隨著台灣半導體產業版圖持續向海外擴張，以台積電 (2330-TW)(TSM-US) 為首從台灣起家、布局全球，且在美國製造再度偉大的政策下，也帶動封測與記憶體業者同步在美擴產，形成產業鏈外溢效應，也讓台灣廠務工程業者成為國際,https://m.cnyes.com/news/id/6339028
525,6345952,牛彈琴：大年初一全球有三件事很不尋常,,https://m.cnyes.com/news/id/6345952
526,6345953,62萬機器人被秒搶！馬年「春晚」帶動機器人搜索量暴增300%,據《科創板日報》周二（17 日）報導，馬年中國「春晚」開播兩小時（2 月 16 日 20:00-22:00），京東機器人搜索量較上月暴增超過 300%，客服問詢量激增 460%，訂單量驟增 150%。,https://m.cnyes.com/news/id/6345953
527,6345933,AI顛覆交易擴散！美銀警告：一旦科技巨頭縮手 將引發美股輪動海嘯,,https://m.cnyes.com/news/id/6345933
528,6345443,〈春節何處去〉陽明山櫻花季走春 中環「比夢生活園區」享受慢活情調,陽明山櫻花季走春 中環「比夢生活園區」享受慢活情調,https://m.cnyes.com/news/id/6345443
529,6345934,對沖基金買進亞股規模創10年新高 作多力道8.4倍碾壓空單,,https://m.cnyes.com/news/id/6345934
530,6345939,道瓊期貨上漲約100點 黃金失守5000美元,美股期貨週一 (16 日) 晚間小幅走高，投資人持續消化科技股拋售潮帶來的市場壓力。道瓊工業指數期貨上漲約 100 點，標普 500 指數期貨與那斯達克 100 指數期貨則大致持平,https://m.cnyes.com/news/id/6345939
531,6344755,〈觀察〉記憶體供應吃緊影響終端消費需求？ODM廠這麼看,記憶體供應吃緊、價格上揚，研調機構 TrendForce 下調 2026 年全球筆電出貨數字，預期可能年減 9.4%。電子五哥廣達、緯創、英業達、和碩及仁寶也紛紛針對記憶體漲價提出最新看法，並說明今年筆電展望。 ,https://m.cnyes.com/news/id/6344755
532,6345928,從61%拒買到過半不排斥！關稅大砍後 加拿大人買中國電動車意願翻轉,,https://m.cnyes.com/news/id/6345928
533,6345924,SpaceX傳聯手xAI密研AI殺傷性武器 劍指川普政府「無人機複製者」計畫,,https://m.cnyes.com/news/id/6345924
534,6345916,美伊核談判前 國際油價上漲1%,國際油價週一 (16 日) 走高，市場一方面緊盯美國與伊朗核談判進展，另一方面也開始消化 OPEC+ 可能在未來數月增加供應的風險，使原油價格在地緣政治支撐與供需疑慮之間拉鋸。,https://m.cnyes.com/news/id/6345916
535,6345743,OpenClaw創辦人加入OpenAI 「多代理」將是未來核心方向,OpenAI 延攬 OpenClaw 創辦人 Peter Steinberger，OpenAI 執行長阿特曼 (Sam Altman) 表示，Steinberger 將加入團隊，負責打造「下一代」個人 AI 代理，並強,https://m.cnyes.com/news/id/6345743
536,6345749,阿里巴巴發布新款Qwen3.5模型瞄準「代理AI時代」,阿里巴巴 (Alibaba) 週一 (15 日) 宣布推出新一代人工智慧模型 Qwen3.5，主打可獨立執行複雜任務，並鎖定「代理 AI」(agentic AI) 應用場景。,https://m.cnyes.com/news/id/6345749
537,6343842,AI恐慌壓垮軟體股後還持續擴散 但市場真的錯了嗎？,,https://m.cnyes.com/news/id/6343842
538,6345658,巨大集團創辦人劉金標辭世 享壽93歲,"巨大 (9921-TW) 集團今 (16) 日公告，巨大集團創辦人劉金標，今天凌晨安詳辭世, 享壽 93 歲。巨 大指出，對巨大而言, 標哥不只是創辦人, 更是一路走在前面、也始終回頭關照大家的領騎人。",https://m.cnyes.com/news/id/6345658
539,6345542,歐巴馬認了：外星人確實存在、但沒關在51區,,https://m.cnyes.com/news/id/6345542
540,6345602,美軍擄走馬杜洛 美國政府耗資近30億美元,在今年年初強行擄走委內瑞拉總統馬杜洛夫婦時，川普政府稱此次行動簡潔周密，在空中支援下，大約 60 名特種部隊士兵乘直升機降落在加拉加斯，擊退安保人員，綁走目標，隨後又快速返回美軍軍艦上，整個過程僅用數小時完成。,https://m.cnyes.com/news/id/6345602
541,6337284,〈馬年景氣展望〉PCB廠持續擴廠投產 AI應用及低軌衛星板具高度成長性,電子產業景氣由 AI 的浪潮帶動出復甦後高度成長的榮景，上游的玻纖布、 CCL 及、PCB 全製程甚至耗材廠在 AI 加持之下，營收強勁創新高。但同時，PCB 廠的生產在海內外廠區新產能加碼的供給量開出但市場缺料影響大。,https://m.cnyes.com/news/id/6337284
542,6343931,AI應用引爆中國金融圈！2025年多家陸銀提AI戰略 搶佔金融科技高地,,https://m.cnyes.com/news/id/6343931
543,6343918,APP時代恐終結！專家：人機互動迎來顛覆性變革 僅20%APP能活過AI智能體競爭,,https://m.cnyes.com/news/id/6343918
544,6345535,全球AI大咖飛印度參加峰會！卻少了黃仁勳,OpenAI 執行長阿特曼 (Sam Altman)、Alphabet(GOOGL-US) 執行長皮查伊 (Sundar Pichai) 等科技巨頭本周齊聚印度新德里，出席由印度政府主辦的「AI Impact Summit」，凸顯,https://m.cnyes.com/news/id/6345535
545,6342185,〈馬年景氣展望〉A推升記憶體缺貨 台廠報價看漲、獲利動能延續,AI 基礎建設方興未艾，全球記憶體市場面臨數十年罕見的「雙缺」局面，DRAM 、NAND 與 NOR Flash 同步吃緊。業界普遍預期，AI 時代下，高階記憶體用量只增不減，且在各家業者聚焦高價值產品下，短期 DDR4、DD,https://m.cnyes.com/news/id/6342185
546,6345573,AI讓擺攤賣春聯的失業？印研中心克服缺漏讓AI生成18萬字碑帖 歷代名家春聯進你家,大年初一象徵迎春納福，家家戶戶門前的春聯不僅是年節風景，更承載世代相傳的文化記憶，如今這項傳統藝術竟也能由 AI 「代筆」？經濟部印刷研究中心研發數位書法技術，系統性蒐集 18 萬字碑帖，透過生成式 AI 解析運筆邏輯與,https://m.cnyes.com/news/id/6345573
547,6345366,春節國旅買氣熱絡 雄獅：銷售較去年同期年增約三成 觀光列車最受青睞,春節連續假期有 9 日，雄獅 (2731-TW) 旅遊表示，春節期間國旅市場買氣熱絡，整體銷售較去 (2025) 年同期成長約三成，今年尤以觀光列車產品最受市場青睞，相關系列行程多數班次已全數售罄，僅剩少量餘位。,https://m.cnyes.com/news/id/6345366
548,6345372,春節及228連假 AI、大數據建議國道好走時段避免壅塞,農曆春節連假長達 9 日，由小年夜前一日放假至初六 (2 日 14~22 日)，另 228 連假為 3 日 (2 月 27 日~ 3 月 1 日)。交通部高速公路局表示，經檢視歷年春節連假國道狀況，並透過 AI 及大數據分析，預估春節初一至初五為假期尖峰日。,https://m.cnyes.com/news/id/6345372
549,6344753,〈潛力股〉東元布局AI腳步未停歇 資料中心接案穩健成長,東元積極布局 AI 資料中心，去年 7 月取得馬來西亞 11.7 億元資料中心機電工程案、8 月與鴻海換股合作，今年 2 月再取得東南亞資料中心 25 億元大單，其工程整合能力與執行力已獲國際客戶認可，東元預期今年資料中心接案將穩健成長。 ,https://m.cnyes.com/news/id/6344753
550,6345519,達里歐：世界重回叢林法則 避險邏輯全失效、這資產是最後救命稻草,,https://m.cnyes.com/news/id/6345519
551,6342842,創意、世芯-KY及聯發科產業趨勢、營運展望與風險,,https://m.cnyes.com/news/id/6342842
552,6345512,個人AI代理競賽升溫！OpenClaw創辦人加入OpenAI,OpenAI 執行長阿特曼 (Sam Altman) 周日 (15 日) 宣布，開源人工智慧 (AI) 代理工具 OpenClaw 創辦人史坦柏格 (Peter Steinberger) 將加入 OpenAI，協助推動下一代個人代理產品發展。阿特,https://m.cnyes.com/news/id/6345512
553,6345154,貿易協定拍板！能源採購過於「親美」恐成隱憂？財經專家吳嘉隆這麼說,台美於美東時間 12 日簽訂對等關稅貿易協定，我方預計對美採購含石油、天然氣及電力設備等規模達 848 億美元。經濟部長龔明鑫表示擬調整對卡達採購天然氣的比例，對美採購天然氣佔比可望上升至 25%，美原油維持佔比 60%，協,https://m.cnyes.com/news/id/6345154
554,6345511,美股周一休市 長假前賣壓浮現 本周聚焦Fed會議紀要,美國周一（16 日）為華盛頓誕辰紀念日（總統日／Presidents Day），美股休市一天，周二（17 日）恢復正常交易，美國債券市場亦同步休市。上周五在長周末前夕，市場氣氛轉趨保守，科技股走弱拖累大盤，那斯達克指數小幅收,https://m.cnyes.com/news/id/6345511
555,6345500,AI巨頭搶空產能引爆「記憶體末日」 DRAM價飆75%打亂供應鏈,,https://m.cnyes.com/news/id/6345500
556,6344054,〈名人書單〉國泰投信張雍川推《被討厭的勇氣》 學會「課題分離」,丙午馬年迎新春，在一年一度的春節假期中，除了與親友團聚、享受美食外，也是一年中最好的自我對話時光，對於每日處於高壓、瞬息萬變金融市場的國泰投信總經理張雍川而言,https://m.cnyes.com/news/id/6344054
557,6345501,28億違約金當籌碼！華納兄弟考慮重啟派拉蒙出售談判 Netflix恐迎第二輪搶親戰,,https://m.cnyes.com/news/id/6345501
558,6345466,川普表態挺以色列軍事打擊伊朗！美方已討論支援方案、核談判添變數,美伊核談判進入關鍵階段，川普傳曾表態若談判破裂將支持以色列打擊伊朗彈道飛彈計畫。美軍「福特號」航母打擊群調往中東，強化對伊朗軍事威懾。同時，美伊將於日內瓦舉行第二輪核談判，外交與軍事角力同步升溫。,https://m.cnyes.com/news/id/6345466
559,6345151,美國財政部動盪！川普制裁大將John Hurley傳與貝森特不合將離職,川普政府制裁政策核心人物 John Hurley 傳出將離職，與財政部長貝森特出現策略分歧。美國財政部高層頻繁異動，引發市場對制裁走向、委內瑞拉石油政策與 FATF 反洗錢評鑑的關注，全球能源與地緣政治風險升溫。,https://m.cnyes.com/news/id/6345151
560,6345244,摩根士丹利：2026年全球雲端資本支出上看7350億美元、年增60%,摩根士丹利指出，2026 年全球雲端資本支出將達 7350 億美元，年增約 60%，連續第三年維持高成長。Google、亞馬遜、Meta 與微軟加速 AI 與資料中心投資，雲端基礎設施需求持續供不應求，未來支出預期,https://m.cnyes.com/news/id/6345244
561,6345243,日本大選後市場翻盤？高盛：日元走強押注告別超低利率、關鍵看日本央行,日本大選後市場定價邏輯轉變。高盛指出，投資人開始押注日本將告別超低利率時代，資金回流預期推升日元走強、利差收斂。不過行情能否延續，仍取決於日本央行升息路徑與政策態度，市場波動風險仍在。,https://m.cnyes.com/news/id/6345243
562,6345138,AI「創造性破壞」引爆美股護城河測試！高盛警告：「這兩大類」企業恐淪為技術墊腳石,高盛合夥人 Rich Privorotsky 警告，人工智慧正引發全球產業「創造性破壞」，市場進入護城河全面壓力測試。科技與軟體估值鬆動，CTA 恐拋售 15 至 20 億美元美股，標普 500 若跌破 6723 點賣壓將擴大。高盛看好航太、,https://m.cnyes.com/news/id/6345138
563,6345233,本週操盤筆記：美日GDP、通膨數據與聯準會會議紀要,投資者本週將密切關注美、日兩國的 GDP 與通膨數據，以及多國央行的政策會議紀錄與決議。投資人聚焦在於經濟成長趨勢是否持續分化，特別是美國經濟增長是否放緩，以及歐洲與日本是否展現更強勁的復甦動能。,https://m.cnyes.com/news/id/6345233
564,6345242,2026全球資產大輪動該如何理解？美銀指出「三大」關鍵變化,2026 年全球市場出現重大風格轉變。美國銀行策略團隊指出，在川普「可負擔性政治」主導下，資金正由科技巨頭與高風險資產轉向小型價值股與新興市場。AI 敘事轉向成本反思，日圓成全球流動性關鍵變數，美元獨強格局恐鬆動，資產大輪動,https://m.cnyes.com/news/id/6345242
565,6345241,中國對非洲53國實施零關稅！中非貿易突破2.49兆元,中國宣布 2026 年 5 月 1 日起對 53 個非洲國家實施全面零關稅政策，推動經濟夥伴協定並擴大市場准入。2025 年中非貿易總額達 2.49 兆元人民幣，年增 18.4%，增速高於整體對外貿易。同時，中國 1 兆美元順差引發討論，美國財長呼,https://m.cnyes.com/news/id/6345241
566,6345148,字節跳動「豆包 2.0」上線！性能對標GPT-5.2、Gemini 3 Pro  但成本更低,字節跳動宣布豆包 2.0 正式上線，性能對標 GPT-5.2 與 Gemini 3 Pro，並將推理成本降低約一個數量級。新版本強化多模態理解、長鏈路推理與代理能力，已整合至 TRAE 與火山引擎 API，搶攻,https://m.cnyes.com/news/id/6345148
567,6345128,高盛推出「抗AI衝擊」多空名單：做多雲端資安「這6股」、放空「這4檔」熱門軟體股,美國 1 月 CPI 低於預期、降息預期升溫，但科技權值股未現全面反彈。市場資金加速在成長與防禦風格間輪動，SaaS 族群震盪分化。高盛推出「抗 AI 衝擊」多空配對組合，強調選股與風險對沖的重要性。,https://m.cnyes.com/news/id/6345128
568,6345147,Meta又加碼AI！購入土地擬擴建Hyperion資料中心、規模直逼紐奧良機場兩倍,"美國科技巨頭 Meta 再度擴大 AI 基礎建設版圖，在路易斯安那州里奇蘭堂區增購 1,400 英畝土地，為 Hyperion AI 資料中心二期鋪路。整體園區規模將突破 4,000 英畝，總投資上看 500 億美元，並攜手 Blue Owl C",https://m.cnyes.com/news/id/6345147
569,6345153,AI取代白領倒數？微軟AI CEO：「這些工作」12至18個月內恐被自動化,微軟人工智慧執行長蘇萊曼預測，未來 12 至 18 個月內，多數白領專業工作將被 AI 自動化取代。從律師、會計到專案經理皆面臨衝擊，專家更示警恐出現 80% 失業率，引發經濟地震與政策討論。,https://m.cnyes.com/news/id/6345153
570,6345146,美國「K型經濟」恐演變為階級制度？經濟學家示警：貧富差距已達極限,曾提出「K 型經濟」概念的經濟學家 Peter Atwater 示警，美國貧富差距恐演變為「階級制度」，房市與股市資產高度集中，低收入族群信心創五年低點。不過他認為，在政治轉向、社會壓力或股市修正下，K 型經濟可能迅速逆,https://m.cnyes.com/news/id/6345146
571,6345140,具身智慧熱度將飆百倍！宇樹科技CEO：產業序幕才剛拉開 規模將遠超行動網路時代,宇樹科技創辦人王興興在《對話》節目中指出，具身智慧目前仍屬早期階段，若未來出現可大規模應用的 AI 模型與機器人技術突破，產業熱度有望暴增百倍甚至千倍，並可能超越行動網路浪潮。同場對談的齊向東則強調，產業不會贏者通吃，關鍵在,https://m.cnyes.com/news/id/6345140
572,6345142,盧比歐慕尼黑演說開砲！警告歐洲「偏離西方價值」,美國國務卿盧比歐（Marco Rubio）在慕尼黑安全會議表示，美歐命運緊密交織，但批評歐洲偏離西方價值與主權路線。面對川普政策、俄羅斯威脅與中國挑戰，歐洲領袖強調強化安全與戰略自主，美歐關係裂痕浮現。,https://m.cnyes.com/news/id/6345142
573,6345139,橋水基金最新持倉曝！大舉加碼「這些股票」、達利歐揭2025年真正獲利關鍵,全球最大對沖基金橋水基金最新 13F 報告顯示，2025 年第四季加碼輝達、亞馬遜、美光與紐蒙特等科技與黃金概念股，持倉市值升至 274 億美元。創辦人達利歐指出，2025 年真正收益來自貨幣變動與資產再平衡，黃金表現最佳，美股估值,https://m.cnyes.com/news/id/6345139
574,6345127,AI寫程式成主流？Spotify財報震撼發言：頂尖工程師12月後未再「動手」寫程式,Spotify 在第四季財報會議透露，公司頂尖工程師自去年 12 月起未再手寫程式碼，全面透過生成式 AI 與 Claude Code 加速開發。內部系統「Honk」實現遠端即時部署，同時打造獨特音樂數據資產，強化 AI,https://m.cnyes.com/news/id/6345127
575,6343859,〈春節何處去〉台南六甲落羽松季正式登場還有臺鹽七股鹽山歡樂迎客來,已經展開台南的 2026 落羽松季在六甲區菁埔埤落羽松森林登場，而在地企業臺鹽 (1737-TW) 則推薦被日媒譽為全台磁場最乾淨台南七股鹽山；同時位於台南市中心的文鼎留聲博物館放進旅遊口袋名單，會有超乎你對博物館的想像。,https://m.cnyes.com/news/id/6343859
576,6344978,〈馬年景氣展望〉逆風消退、訂單動能強 成衣廠樂觀今年營運成長,成衣代工廠歷經去年關稅、匯率等不確定因素影響，營運出現波動；展望今年，業者紛紛表示不利因素已逐漸淡化，隨訂單需求穩健回溫，加上大型運動賽事帶動及新客戶訂單發酵，樂觀預期今年營運將全面成長。,https://m.cnyes.com/news/id/6344978
577,6339086,〈馬年景氣展望〉AI效應持續外溢 ABF載板下半年恐缺貨,AI 晶片需求高速成長，推動 ABF 載板產業進入新一輪成長，市場普遍預期，儘管現階段 ABF 載板產能未滿載，但在 AI 晶片尺寸加大、鑽孔數增加與出貨量提升下，ABF 載板將自 2026 年下半年起出現缺貨，且缺口將,https://m.cnyes.com/news/id/6339086
578,6342831,鴻海、廣達、英業達等三家台廠伺服器大廠在2026–2028年EPS情境推估模型,,https://m.cnyes.com/news/id/6342831
579,6337145,2026兒童開戶全攻略！「小富翁」平均資產破46萬元 用複利把紅包滾出第一桶,農曆新年將近，紅包是孩子一年中最具「可運用彈性」的資金來源，銀行建議家長透過專屬的兒童帳戶進行長期規劃，不僅可引導孩子養成正確金錢觀，更能利用時間複利陪伴孩子累積人生的第一桶金,https://m.cnyes.com/news/id/6337145
580,6343888,除夕大掃除懶人包！明晚只剩「這裡」收垃圾 彭啟明教輕鬆「分手」三重奏、轉廢為寶,「馬」上迎新年！正值除舊佈新大掃除最後衝刺期。環境部長彭啟明呼籲民眾落實「回收三重奏」，透過放對位置、危險隔離與惜物傳承，確保資源回收物正確進入循環體系。針對家中囤積的舊書與衣物，民眾可善用二手平台，或透過社區回收箱與捐,https://m.cnyes.com/news/id/6343888
581,6345204,春節9日連假返鄉出遊 天氣預報、訂房率及國道路況預報,依據氣象署天氣預報，春節小年夜前 (2 月 15 日) 溫暖舒適，除夕 (16 日) 起東北季風增強，迎風面北部及宜蘭天氣較涼有局部短暫雨，北台灣將轉為濕涼並有局部雨，初三 (19 日) 起冷空氣減弱全台再度回暖，提醒返鄉出遊務必關注氣象資訊,https://m.cnyes.com/news/id/6345204
582,6344034,〈走春系列〉電信三雄加碼春節網路熱點 走春網路一馬當先不卡頓,馬年春節假期長達 9 天，電信三雄中華電信 (2412-TW)、台灣大 (3045-TW) 及遠傳 (4904-TW) 為因應連假返鄉與走春人潮，紛紛導入 AI 偵測人流，針對全台熱門走春景點的基地台進行容量擴充，不怕網路卡頓。,https://m.cnyes.com/news/id/6344034
583,6333583,不只比手速、更比硬體 熱門電競手機選購全解析,全台最大連鎖通訊門市傑昇通信表示，為了滿足高品質的遊戲體驗，專為電競打造的手機除了具備頂級硬體規格，軟體層面的效能優化更是關鍵，究竟哪些機種才是玩家馳騁戰場的最佳首選？,https://m.cnyes.com/news/id/6333583
584,6345125,Bitget 推出新春網格交易嘉年華｜總獎勵價值超過 10 萬 USDT,Bitget，全球最大的全景交易所（UEX）正式推出 2026 農曆新年系列活動，以「解鎖新春財富，智慧交易過好年」為主題，整合網格交易、跟單交易、TradFi 傳統金融產品、美股挑戰賽與高息理財，帶來涵蓋各種交易風格,https://m.cnyes.com/news/id/6345125
585,6344886,彭博：SpaceX擬IPO採雙重股權結構 強化馬斯克控制權,《彭博》引述消息人士報導，SpaceX 正評估在今年規劃的首次公開募股 (IPO) 中採用雙重股權架構，以確保創辦人馬斯克 (Elon Musk) 即使持股未過半，仍能維持對公司的控制權。,https://m.cnyes.com/news/id/6344886
586,6344837,巴菲特CEO最後任期動向！波克夏Q4估續砍蘋果、美銀 Alphabet持倉受矚,,https://m.cnyes.com/news/id/6344837
587,6345062,字節跳動晶片團隊將啟動規模化招聘 多款雲端晶片已量產部署,知情人士透露，字節跳動晶片研發團隊將開始規模化招聘，招聘城市涵蓋北京、上海、深圳等，所需職位包括晶片架構、soc 設計等。,https://m.cnyes.com/news/id/6345062
588,6344804,AMD正在落後 分析師：這些晶片股才是更好選擇,《Marketwatch》報導，D.A. Davidson 分析師 Gil Luria 警告，超微 (AMD-US) 在 AI 晶片競爭中正逐漸落後,https://m.cnyes.com/news/id/6344804
589,6344820,AI恐慌攪動美股一周 投資人仍押注經濟韌性,據《MarketWatch》報導，投資人結束了美股不尋常的一周：1 月就業增長意外強勁，加上消費者物價通膨年增率放緩，抵銷了市場對人工智慧 (AI) 可能摧毀產業的焦慮情緒。,https://m.cnyes.com/news/id/6344820
590,6345026,川普再度威脅：伊朗政權更迭可能是最好結果,美國總統川普周五（13 日）表示，伊朗政權更迭會是「可能發生的最好事情」，並稱「強大力量」即將在中東地區部署到位，美國國防部已決定向中東增派第二艘航空母艦。,https://m.cnyes.com/news/id/6345026
591,6341501,AI失業恐慌來襲 專家：工作不是被顛覆而是重塑 人類可完全取代技能占不到1%,,https://m.cnyes.com/news/id/6341501
592,6344983,別去會被抓！日本政府被曝要求漁船避免前往釣魚臺海域,去年 11 月日本首相高市早苗「台灣有事」言論導致中日關係緊張後，日本海上保安廳就要求日本漁民避免前往釣魚臺海域捕魚。,https://m.cnyes.com/news/id/6344983
593,6344840,AI恐減少人力？高盛執行長：年輕員工仍是銀行業核心,據《Investopedia》報導，高盛 (Goldman Sachs)(GS-US) 執行長蘇德巍 (David Solomon) 認為，人工智慧 (AI) 不會威脅年輕銀行員的未來。,https://m.cnyes.com/news/id/6344840
594,6344984,春節赴日冷！日經：中國遊客酒店預訂取消率超過50%,在中日關係日趨緊張之際，春節九天假期期間中國遊客在日本酒店預訂的住宿已經有超過 50% 都被取消，這意味著日本旅遊業受到越來越大的影響。,https://m.cnyes.com/news/id/6344984
595,6344799,瑞銀：AI衝擊下一站 恐轉向信貸市場,《CNBC》報導，瑞銀 (UBS) 警告，人工智慧 (AI) 浪潮對市場的衝擊恐不只停留在股市。槓桿貸款與私募信貸等高風險信貸市場，可能成為下一個遭遇「系統性震盪」的領域。,https://m.cnyes.com/news/id/6344799
596,6344980,美國參眾兩院休會 國土安全部進入停擺狀態,當地時間 2 月 14 日 0 時起，美國國土安全部進入停擺狀態。,https://m.cnyes.com/news/id/6344980
597,6344899,誰還在送巧克力？情人節送禮風向變了,情人節送禮風向正在改變。根據《MarketWatch》週五 (13 日) 報導，越來越多人在 2 月 14 日不再只鎖定巧克力、鮮花等傳統選項，而是轉向「實用型禮物」，好比吸塵器、汽車輪胎、清潔用品與充電設備。,https://m.cnyes.com/news/id/6344899
598,6341513,標普為何仍無法收在7000點之上？,"《Marketwatch》報導，標普 500 指數近期收盤多次挑戰 7,000 點整數大關，皆以失敗告終，主要原因在於指數動能不足，加上科技股表現不穩，使得大盤難以突破關鍵壓力區。",https://m.cnyes.com/news/id/6341513
599,6344940,〈美股13F報告〉避險大咖索羅斯Q4新建倉黃金股 狂買微軟、輝達、蘋果,,https://m.cnyes.com/news/id/6344940
600,6344891,情人節防雷 FBI公布「愛情騙子」最常見話術,情人節前夕，美國聯邦調查局 (FBI) 示警，提醒民眾在交友軟體與社群平台尋找戀情時，務必提高警覺，慎防「愛情詐騙」趁節日氛圍升溫而加劇。,https://m.cnyes.com/news/id/6344891
601,6344914,美伊衝突一觸即發？傳美軍擬對伊朗展開數周軍事行動,據《路透》報導，兩名美國官員透露，若總統川普下令發動攻擊，美國軍方正準備展開可能持續數周對伊朗的行動，這場衝突的嚴重程度可能遠超過去兩國之間的對峙。,https://m.cnyes.com/news/id/6344914
602,6343844,〈觀察〉MicroLED跨出顯示器戰場 搶進AI光通訊成資料中心傳輸新解方,隨著 AI 算力需求呈倍數增長，資料中心正面臨傳統銅線傳輸頻寬受限與雷射光通訊高功耗的雙重挑戰。微軟 (MSFT-US) 與聯發科 (2454-TW) 等科技巨擘近期積極將 MicroLED 技術導入光通訊領域，試圖以其微米級尺寸與低功,https://m.cnyes.com/news/id/6343844
603,6337174,封測廠強攻先進封裝 2026年資本支出暴衝至3千億元,AI 基礎建設方興未艾，先進封裝產能成為 AI 時代的瓶頸之一，擴產效應也從台積電 (2330-TW)(TSM-US) 不斷外溢至封測廠，包括日月光投控 (3711-TW)(ASXUS)、京元電 (2449-TW)、力成 (6239-,https://m.cnyes.com/news/id/6337174
604,6342182,CSM成獲利穩定器！六大壽險接軌首月告捷 合賺272億元年增近2成,2026 年是壽險業「體質大洗牌」的一年，除了接軌 IFRS 17 與新一代清償能力制度外，受惠於台股開年紅火與匯率評價新制，國內六大壽險元月稅後純益合計達 272.02 億元，較去年同期成長 19.92%,https://m.cnyes.com/news/id/6342182
605,6342521,《富比士》首份「創新者250強」榜單出爐！馬斯克奪冠 貝佐斯、比爾蓋茲位居二、三名,,https://m.cnyes.com/news/id/6342521
606,6341353,〈人物〉洪堯昆：笑口常開的百年企業負責人 還曾在松山機場辦這個展,黑松今年進入創業 100 年後的經營，不過在上市食品類股中早有設立且經營已 106 年的福壽實業 (1219-TW) 存在，而目前擔任福壽董事長的洪堯昆，則屬於第三代的踏實經營者。,https://m.cnyes.com/news/id/6341353
607,6344800,CPI數據略為走低 美債殖利率下滑,美國公債殖利率週五 (13 日) 走低，主因 1 月消費者物價指數 (CPI) 略低於市場預期，緩解投資人對通膨再度升溫的疑慮。,https://m.cnyes.com/news/id/6344800
608,6344833,AI焦慮打擊輝達 黃仁勳跌出全球十大富豪 沃爾瑪三兄妹財富大躍進,,https://m.cnyes.com/news/id/6344833
609,6344887,傳美國FTC升級對微軟反壟斷調查,科技巨頭微軟 (MSFT-US) 近來因資本開支陷入市場拋售，眼下又陷入新麻煩。最新消息稱，美國聯邦貿易委員會 (FTC) 正在調查微軟是否利用自家的雲端軟體和 AI 產品製造障礙，非法阻撓企業算力市場的競爭。,https://m.cnyes.com/news/id/6344887
610,6344476,台美貿易協議是「建交前」暖身？吳嘉隆：台美完成深度綁定 將共同迎接全球AI軍備競賽,總經專家吳嘉隆於 12 日台美簽署貿易協定前接受專訪，針對 2026 年美台貿易協議深入解析，對於台灣獲得與日韓同等的 15% 不疊加待遇，並成為全球首個獲得 232 條款最惠國待遇者，他強調，這份協議不僅是經貿讓利，更是台美關係實質升,https://m.cnyes.com/news/id/6344476
611,6344859,台達電擴張產能斥27億元建三座印度新廠 泰達電資本支出165億元,台達電 (2308-TW) 積極擴大海外產能布局，子公司 Delta Electronics (Thailand) Public Company Limited 泰達電) 董事會決議通過為擴展產能，預計資本支出總金額約 5.268 億,https://m.cnyes.com/news/id/6344859
612,6344838,亞馬遜AI砸錢惹議 別忘了AWS、Prime當年也被看衰,"投資人擔憂亞馬遜今年計畫投入 2,000 億美元的 AI 資本支出，可能耗盡現金並迫使公司舉債。亞馬遜週五 (13 日) 收黑 0.41%，連跌了 9 個交易日，累計下跌 18.2%，創下自 2006 年 7 月以來最長連跌紀",https://m.cnyes.com/news/id/6344838
613,6343020,證券旺到爆！13家金控元月合賺747.6億元年增25% 國泰金奪單月獲利王,2026 年保險業正式邁入「雙 I」(IFRS 17、TIS) 時代，旗下有保險公司的金控業依規定可延至 15 日公告自結獲利。受惠於台股元月價量齊揚、日均量逼近兆元大關，加上保險公司接軌新制後的 CSM 釋放,https://m.cnyes.com/news/id/6343020
614,6344822,Fed古爾斯比：利率仍可下調更多 但通膨需進一步改善,據《Yahoo Finance》報導，芝加哥聯準銀行總裁古爾斯比 (Austan Goolsbee) 周五 (13 日) 表示，在支持再次降息之前，他希望看到通膨進一步朝聯準會(Fed)2% 的目標回落。,https://m.cnyes.com/news/id/6344822
615,6344032,台股蛇年大漲萬點、台積電營收破4000億創高、台美簽署貿易協定 本周大事回顧,台股周三封關收 33605.71 點，全年大漲 10080 點完美封關；台積電周二公告 1 月營收達 4012.55 億元，年月雙成長，並刷新歷史新高紀錄；台灣與美國於周五完成台美對等貿易協定簽署，確立 15% 關稅與 2072 項產品豁免。,https://m.cnyes.com/news/id/6344032
616,6342827,根據AI伺服器產業趨勢、公司營運與競爭優勢，篩選出三檔最具投資潛力的個股,,https://m.cnyes.com/news/id/6342827
617,6344823,性化圖像爭議未歇 馬斯克Grok在美市占仍逆勢攀升,據《路透》報導，數據顯示，儘管馬斯克 (Elon Musk) 的 AI 聊天機器人 Grok 因被用於生成大量未經同意的女性與未成年人性化圖像而引發全球譴責與監管關注，但其在美國的市占率近月仍持續上升。,https://m.cnyes.com/news/id/6344823
618,6337182,春節瘋出國只靠「信用卡保險」恐不夠 注意3大隱形缺口、班機延誤理賠3原則,今年農曆春節長達九天，許多民眾規劃出國旅遊，然而，不少人習慣僅使用信用卡刷卡購買機票，認為內附的「旅平險」已足夠。產險業者提醒，信用卡贈送的保險多屬「加值型」，在保障範圍與啟動條件上存在不少隱形缺口,https://m.cnyes.com/news/id/6337182
619,6344880,慕尼黑安全會議 盧比奧、王毅場邊會談,陸媒報導，中共中央政治局委員兼外長王毅赴德國出席慕尼黑安全會議，期間密集與多國領袖及外長展開雙邊會晤，其中包括美國國務卿盧比奧 (Marco Rubio)，以及烏克蘭外交部長西比哈 (Andriy Sybiga)。,https://m.cnyes.com/news/id/6344880
620,6344866,緝捕馬杜洛震驚全球 美軍傳動用AI工具Anthropic Claude,,https://m.cnyes.com/news/id/6344866
621,6344601,美股重點新聞摘要2026年2月14日,美股重點新聞摘要 2026 年 2 月 14 日,https://m.cnyes.com/news/id/6344601
622,6344854,營收速報 - 2026年2月14日台股大型公司1月營收一覽（新增9家）,1月台股營收公布，2026年2月針對大型公司前一日公布9家營收。截至目前1月營收公布共計238家，其中營收年增大於+25％有76家，年增小於-20％有17家。| Anue鉅亨- 台股營收,https://m.cnyes.com/news/id/6344854
623,6344801,川普可能下調關稅 美國鋼鐵股集體嚇跌,美國鋼鐵類股週五 (13 日) 全面走弱，市場憂心美國總統川普可能調整或撤回鋼鋁關稅政策，導致支撐鋼價的關鍵因素出現鬆動。鋼鐵動力 (STLD-US) 重挫約 3.92%,https://m.cnyes.com/news/id/6344801
624,6344812,〈能源盤後〉油價因美通膨趨緩回升 周線仍收黑,,https://m.cnyes.com/news/id/6344812
625,6344826,輝達下跌、AMD上漲 背後關鍵或在Arista,輝達 (Nvidia)(NVDA-US) 與超微 (AMD-US) 股價周五 (13 日) 走勢分歧，起因是 Arista Networks(ANET-US) 執行長向投資人表示，公司觀察到部分 AI 部署正轉向採用 AMD 晶片。,https://m.cnyes.com/news/id/6344826
626,6344811,〈貴金屬盤後〉黃金、白銀回神  金價重回5000美元以上,,https://m.cnyes.com/news/id/6344811
627,6344821,亞馬遜陷2006年以來最長跌勢 資本支出疑慮籠罩,據《彭博》報導，亞馬遜 (Amazon)(AMZN-US) 股價出現近 20 年來最長的連續下跌走勢，投資人持續質疑這家電商與雲端運算公司龐大的資本支出。,https://m.cnyes.com/news/id/6344821
628,6344600,〈紐約匯市〉美元周線四周內三度收黑 美通膨降溫,美元周五 (13 日) 小幅走低，因消費者通膨降溫，使交易員略為提高對聯準會 (Fed) 進一步降息的押注。,https://m.cnyes.com/news/id/6344600
629,6344803,〈美股盤後〉應材飆超8% 亞馬遜九連跌 AI恐慌交易蔓延 三大指數周線全黑,美股週五 (13 日) 收盤分歧，標普 500 指數在最新通膨數據略低於預期後幾乎持平，但受「AI 恐慌交易」影響，三大指數本週仍全數收黑。,https://m.cnyes.com/news/id/6344803
630,6344802,川普計劃訪問委內瑞拉 將為1997年柯林頓以來首位到訪美國總統,美國總統川普週五 (14 日) 在白宮外向各大媒體表示，他計劃訪問委內瑞拉，但目前尚未公布具體細節與時。若此行成行，將成為一項具歷史意義的外交動作，因為上一位訪問委內瑞拉的美國總統可追溯至 1997 年,https://m.cnyes.com/news/id/6344802
631,6344807,雙航母施壓伊朗 川普證實已調派「福特號」前往中東,美國總統川普週五 (13 日) 證實，五角大廈正把一艘航空母艦從加勒比海調往中東，此舉將使美軍在該地區同時部署兩艘航母，因應美國與伊朗之間緊張情勢升高。,https://m.cnyes.com/news/id/6344807
632,6343942,避險資產不避險？市場重新評估美元、日元與瑞郎地位,,https://m.cnyes.com/news/id/6343942
633,6344748,AI支出破6千億美元也救不了？輝達股價為何不漲,儘管科技巨頭持續上調人工智慧 (AI) 基礎建設支出計畫，市場對 AI 熱潮的信心卻未能再度推升輝達股價。作為這波 AI 投資潮的最大受惠者之一，輝達 (NVDA-US) 股價近幾個月大致呈現區間震盪，自去年第四季以來累計下跌逾 1%，即,https://m.cnyes.com/news/id/6344748
634,6344697,Anthropic迎IPO老將 今年底上市有譜,《華爾街日報》(WSJ)周五 (13 日) 報導，Anthropic 宣布延攬前微軟 (MSFT-US) 與通用汽車 (GM-US) 高層 Chris Liddell 加入董事會，為公司籌備可能的首次公開募股 (IPO) 布局。隨著這家人工智慧,https://m.cnyes.com/news/id/6344697
635,6344640,美國擴大軍方關聯清單 阿里巴巴、百度和比亞迪等中企入列,綜合外媒周五 (13 日) 報導，美國國防部將阿里巴巴 (BABA-US)(09988-HK)、百度(BIDU-US)(09888-HK) 與比亞迪 (01211-HK) 等多家中國大型企業列入「1260H 清單」，指控其涉嫌協助中國軍,https://m.cnyes.com/news/id/6344640
636,6344641,美債走揚！Fed降息劇本升溫 交易員加碼押注,美國最新通膨數據低於市場預期後，交易員重新提高對聯準會 (Fed) 今年降息次數的押注，美債價格周五 (13 日) 走揚、殖利率下滑。市場目前定價顯示，今年降息幅度約為 63 個基點，相當於年底前再降息一次、全年三次降息的機率約五成，,https://m.cnyes.com/news/id/6344641
637,6344142,高市政策助攻！日股漲幅笑傲全球已開發市場 鎧俠、川崎重工氣勢驚人,,https://m.cnyes.com/news/id/6344142
